,05_46,05_00,04_13,03_26,02_39,01_52,01_05,00_19
6552.808399419654,0.8516642957843857,1.1680826912959799,1.0326657943015818,1.0243166363170713,0.969680412259881,0.7980589833980115,0.8750869870797469,0.7444643161227129
6552.82605112357,0.9162768899477569,1.1971801808547446,1.0349577472364277,0.9680362567978635,0.9975378325854047,0.8289148457949527,0.9352672339162742,0.8114342237699085
6552.843702827486,1.2801091424709348,1.3884248935088754,0.7046208792618323,0.7906888397589463,0.9702949576752228,1.1799421317571293,0.964704984433493,1.0102868104178553
6552.861354531402,0.9783984795834797,1.358221247203165,0.6895545353533086,0.8940957796475842,1.007048628832702,1.2284644192582703,0.9372225415270607,1.025935058767651
6552.879006235318,1.0,1.2628383678287203,0.7594073171310796,1.0872691573850797,1.0650061576401317,1.1980912567219901,0.8881158144552191,0.9878644970792229
6552.8966579392345,1.0541097436108364,1.1806581249324655,0.8619406532812833,0.9199375411766446,0.7790203246448608,0.9815546216973461,0.9349539217536561,1.099205673092783
6552.914309643151,1.1483518576346694,1.0188424656544393,0.9729197931835954,0.9334836054334924,0.8213687468247636,0.8916841052291181,0.923380785450831,1.0685166632492684
6552.931961347067,0.825403799536271,0.739753937571568,1.1315325170479644,1.12079142388582,1.2127540142723086,0.8906785054374774,0.8427675788091398,0.8849344957083483
6552.949613050983,0.8801614290013398,0.754660942720949,1.0089147483691205,1.02476848670118,1.0670959214543487,0.9918588272436901,0.9527675559632721,0.9168749226563659
6552.9672647549,0.947028660771296,0.793401573536469,0.9486655356998296,0.9537577758962763,1.0129043934296016,1.0702706918275795,1.0172921992934634,0.9697442675127145
6552.984916458816,1.0977806788749942,0.9460067526103974,1.0822070193956848,0.9351465656922583,1.2854879545633122,1.099652023463591,0.9246317045704641,1.127857229855237
6553.002568162732,1.0307772443747671,0.9048735611082986,1.1217278279461416,0.9875741517557253,1.1877434274581404,1.0493225826804673,0.9879393803885296,1.0875696583169165
6553.020219866648,0.9414392881016613,0.8438916538736179,1.1473948718372515,1.0553634986256386,1.0232036785975802,0.9921636650890119,1.0667562551467344,1.0130872703591032
6553.037871570565,1.1323156207724334,1.038588911812464,1.1303247333500253,1.1320628087162194,1.0,1.1426644395348495,0.9890536514595707,0.9058216638148532
6553.055523274481,1.213584154074922,0.9900610647039476,1.0621500387703102,1.1401186809557546,1.0,1.0769410882865476,0.9796367070555243,0.9096252652747119
6553.073174978397,1.2719401006778226,0.795129257065377,0.9616986430330366,1.1195917690586121,0.9661585957096434,0.8740101865919184,1.0005298118167736,0.9856079851710237
6553.0908266823135,1.0485146581694582,0.8223864191253469,0.7608026121506603,0.9075975111765097,0.8518608073476697,0.9548689241608013,1.0033104178762895,0.9752768441632512
6553.10847838623,0.9664530114915408,0.847385634670441,0.739785702504256,0.8122549236568591,0.8529912156332944,1.0033921012523557,0.9813031808398167,0.9612352120304666
6553.126130090146,1.1568833356324295,0.8927809375159078,1.0944224924402008,0.9180928835939609,1.0524025641078376,1.0332835618271667,0.8998202636383518,0.9025607577214424
6553.143781794062,1.004011012452301,0.9327059657120378,1.0467145458836695,0.9289728158318339,1.0577942288857378,1.0097690831182955,0.9028850630638076,1.042303711519397
6553.161433497979,0.8731134483640121,0.9557785665460931,0.9853067596992177,0.9346520292034932,1.0345761352450198,0.9777949205497631,0.9065298989736441,1.1527755984642676
6553.179085201894,1.059279070089505,0.8456083653326986,0.9919840008791843,0.9123555210682429,0.8649897211454831,0.8994310161209976,0.863308962111982,0.9425590345258675
6553.19673690581,1.0595243067533493,0.8849704279146775,1.0595957244361334,1.0050379553391289,0.9383366824030439,0.9377115375882883,0.8878739392752888,0.9563842133649748
6553.2143886097265,1.0075820228943777,0.9743144642304907,1.1567232130308056,1.146180382344304,1.097922577012046,1.0197669774476108,0.9359939296646199,1.0364578673303275
6553.232040313643,1.0862693896667093,0.947664268165522,1.1362813246738594,0.9315800710104883,1.0481874814185894,0.9546494974408755,0.9346774370554044,0.9752737681553857
6553.249692017559,1.1351967279845643,0.9701269211504477,1.1450224082094358,0.981829438916267,1.0248813249479463,0.9460880536742993,0.9913073156371073,0.977118591523315
6553.267343721475,1.193592150240109,1.0601773959299219,1.2177114581589903,1.0,1.021410859036562,0.9750837506416579,1.1275061558889383,1.0444120054733965
6553.284995425392,1.0145812407267847,0.9309240227900066,0.8893371178907837,0.9956977576358368,0.8927554693525689,1.0823545303098343,1.0925018230742896,1.016551506540226
6553.302647129308,0.9025720532682653,0.8341700022372192,0.6974306104195426,0.7851600050185801,0.811726950232269,1.1163630335456083,1.059135191546425,0.9940119167154245
6553.320298833224,1.0352658076530694,0.8292768114261218,1.0102903386404316,1.1774470401918555,0.8958892952315806,0.8508770601515742,1.0377903870219365,0.9795577046400782
6553.33795053714,0.9889084353476698,0.8823847422388176,0.9363430709446535,1.091996536685491,0.8998979438150431,0.9624781282456332,0.9755445724487294,1.017815073689929
6553.355602241057,0.9240575391373265,0.9492838495091757,0.8073400964954787,0.946555770554377,0.8977618352291318,1.1213969287730574,0.9130157454757374,1.0591070772341966
6553.373253944973,1.0254772663209843,1.0074254859618268,0.7157901723795526,1.1058518949850527,0.9739067818821363,0.9503932391692631,1.0319094904517168,0.920166628632173
6553.390905648889,1.0871608462937639,0.9775017464848658,0.8064739400434444,1.053693077282084,1.0087983286605504,0.871881566657023,0.9875654781763595,0.9583386121678589
6553.4085573528055,1.1589902320447951,0.8842102109282846,1.0335239604821314,0.880059866169874,1.0324497990421895,0.794713617836321,0.835145047367138,1.1033517272536197
6553.426209056722,0.9392093881475342,0.8623204899845471,1.0399290467204627,0.8489734100001851,0.9320598997610794,1.1045835942814086,0.951405849221357,1.125619962011158
6553.443860760638,0.8835311508036223,0.8711110552747197,1.0537578830067065,0.8912293360137066,0.9357628184346642,1.237207122690043,1.0247584854837333,1.122846662839612
6553.461512464554,1.1440420357440508,0.9552596039625949,1.0656165194975489,1.1322677867286228,1.1598249354901304,1.0740040371856898,1.0651433408010973,1.0684929295444687
6553.479164168471,1.0532905472152883,0.9594743680907458,1.0354305156851147,1.0339667954719127,1.0889315932267407,1.0683624363770317,1.0135110749029816,0.9777591789168489
6553.496815872387,0.9711428659585208,0.9540362966916985,1.004707204927241,0.9430597827467565,0.9962358532974612,1.0572323867517806,0.9509945935085532,0.9017852631462977
6553.514467576303,1.139467909817835,0.8988390424886812,0.9732987512214988,1.062202608994329,0.844104160692637,0.9503053493324355,0.845734986674382,0.9265130780475542
6553.532119280219,0.9886571116229406,0.9654232561666902,1.0338151814036698,1.0618155075465805,0.9393811936588274,0.9358956776519315,0.8664752361333476,0.9981794695890484
6553.549770984136,0.7316419979162383,1.078689905687201,1.1304767231324822,1.0326388421246484,1.1253705439197377,0.947915228778363,0.9307093918025048,1.0965058324363983
6553.567422688052,0.8075100456498113,0.805189342502334,1.0460598379700166,0.8820096256438005,0.982656233611937,1.0551161405736198,0.97127970821046,1.0311495673688433
6553.585074391967,0.8883609720226384,0.7424432648906704,1.0568130313284037,0.8500642887146759,0.9279791785062563,1.0328193088558888,0.9401483034978855,0.9644355030076568
6553.602726095884,1.0116030103011076,0.8320795595138846,1.1612783884584885,0.9408804325025154,0.9151075740101061,0.8487637264220644,0.7985541737115494,0.8320592471334789
6553.6203777998,1.1501944604454615,1.1364748662499367,1.126509652929051,0.8873895938118421,1.01089947753489,1.0329442045193655,0.9770251572815873,1.1138569236487608
6553.638029503716,1.2166102001328682,1.2364711145965472,1.0987313742067994,0.8548702704026959,1.0688801424355296,1.1435541159238678,1.0659905528624887,1.2574550067274828
6553.655681207632,1.058949613483436,0.6190117283866883,1.1144887439921103,0.8837135158394274,1.0113875255924478,1.0471439392170192,0.8516686030093448,0.9423463773243297
6553.673332911549,0.9894359042171261,0.7390075963346102,0.9693143679403896,0.884242871105164,1.0061326086771476,0.978768306309398,0.9389550581049089,1.0271623575827216
6553.690984615465,0.9370142150675596,0.9582574869577603,0.8235857150965963,0.8856855431328683,1.0118130485709411,0.9250271446575627,1.0586495549133228,1.154495590698352
6553.708636319381,1.0268443712536333,1.1159845220873852,1.094775477714083,0.9336899958446557,1.119845769191275,1.1580544428698365,1.008103685553568,1.1059203871682006
6553.7262880232975,1.0365294068755841,1.0939008928939706,1.088174850236831,1.0021890331334755,1.100757015880777,1.0846880217970047,1.0730654370759993,1.0704931682014696
6553.743939727214,1.0066190415276455,0.9679109264773069,0.9417778783183067,1.1022459879829714,1.0174252815489055,0.8402784610072966,1.2078918507360452,1.0325809274543016
6553.76159143113,1.0998215517693086,0.8246531377859634,1.115581612285246,0.9413944854171481,0.9457573992800519,0.9762102882932867,1.060412406477211,0.9055083619031978
6553.779243135046,1.13576698401961,0.7312933019614423,1.132519857298888,0.8893963944310899,0.9206012856599469,1.0067863951237301,0.957504444581171,0.8877948750333278
6553.7968948389625,1.1010087483470787,0.6951416423908201,0.9174435492614528,0.9862490588503622,0.9771858329486204,0.8993948447068255,0.878776011504903,1.0605776502890065
6553.814546542879,1.0350704568892408,0.7580596233477681,0.8441300178416244,1.0117974370951381,0.9568601505467439,0.8897910349422519,0.8739166608622554,1.030860044540949
6553.832198246795,0.9735333990083082,0.8240134094258729,0.8047237026911097,1.0312845596799398,0.9629889024911948,0.9171173993888007,0.8899537853613785,0.979580380581989
6553.849849950711,0.8925467471599509,0.8583987672707946,0.8953227935208854,1.0202748528835615,1.1318220635190182,1.1474740514457087,1.0107833637621633,0.8072116554994544
6553.867501654628,1.0821051167628577,0.9902156618032151,1.0183802190251936,1.0711685130819064,1.1722900969354304,1.1338936286903274,0.9948524448853995,0.9488579593617793
6553.885153358544,1.345526371132611,1.1471699582344297,1.1557100492637138,1.138046297767299,1.183424541948247,1.059438673965535,0.945001752707139,1.1724505924749908
6553.90280506246,1.026034356333368,1.0961554659820913,0.9716935891647303,1.1765720401707898,1.1727865784402534,0.9411347534767417,0.9435551225051296,0.9530356317334329
6553.9204567663755,0.97682710129693,0.9568689551105233,0.8991636782137106,1.0728344767833018,1.1289129280228853,0.9066521496137466,0.9705614752919839,0.8489997059932692
6553.938108470292,1.1324008109892378,0.6708190435344421,0.8757675273120086,0.8090729018119793,1.057939370397794,0.9288846676048063,1.0276300222266446,0.7646107626903289
6553.955760174208,0.8182594305745025,0.8988385843297992,0.9307590391623161,0.9384030049711033,0.9360846822351166,1.0137383686124566,1.0651716924670906,0.9951996303833085
6553.973411878124,0.728336206590902,1.0628841016969344,0.9986412043602758,1.023524666914621,0.8604003182955614,1.064825050023044,1.0884282889784087,1.1403511662201504
6553.991063582041,1.1993772371182791,1.1392213822148218,1.125059622669399,1.0489633574283515,0.8596859312099984,1.0358759421752581,1.075469908206715,1.137986949806045
6554.008715285957,1.1310085518064756,1.1356359724696945,1.1244527327082683,1.0264080617513893,1.0133009555089603,1.081882212012251,1.0929712889106258,1.0333911615214448
6554.026366989873,1.0146133225423888,1.1149202451876272,1.1179221444254517,0.9944865593733054,1.1467918030217756,1.1145542423314223,1.0877425332627908,0.9302017093803558
6554.044018693789,0.9157205476796682,1.0512155431907413,1.227400149166752,0.9266174963435279,0.9221121829331425,0.9363563968720477,0.8192620040218466,0.9764601439550649
6554.061670397706,0.8755950886893769,0.9936645919721107,1.0776759760118462,0.955488768353092,0.8788840957894247,1.0149437123254705,0.8591905490940944,0.9679831199932063
6554.079322101622,0.8599160665956129,0.9307875535857164,0.8065127012114388,1.0313699316059417,0.8853392600452962,1.2010564392214462,1.0190041154496192,0.9461117886521118
6554.096973805538,0.8371515902331688,0.9999306634273664,1.0684388700017813,0.8328476176678248,0.9654429588739553,0.9896000417292952,0.9911616532442628,0.9310087081433088
6554.1146255094545,0.8969425014310355,1.0132395239586007,1.1559871814755585,0.7995595705995576,1.0016471674315255,0.9035955393298075,0.9831808821722825,0.9325881704734413
6554.132277213371,1.0799957254544854,0.9386623516036672,1.1003299334819912,0.9317131034041941,0.9906656473059038,0.9018733149667153,0.9747225258498785,0.9591051899315476
6554.149928917287,1.048918786749635,1.1898797034211344,1.054341193476883,1.0182126334426018,1.0357289947733717,1.0452513891163093,1.0077875917260888,0.9325141656337232
6554.167580621203,1.0292977646719264,1.366381959068638,1.0280001279239697,1.115667274298758,1.0774021082071494,1.1138831319334224,1.0232326377018062,0.9526733026322384
6554.18523232512,1.0512413855200533,1.3422310696396182,1.0824096594482153,1.3064249463358968,1.093136763327058,0.8957869620134553,0.9717979028012536,1.2036793943078188
6554.202884029036,1.0541674671452004,1.098180146102318,1.0339359934114103,1.181534426250802,1.2016641147819607,0.9512118447106401,0.9786784302396507,1.0016117053469122
6554.220535732952,1.0592280421177749,0.8235140400888308,0.9750706245991185,1.0080942093972847,1.301814205413293,1.0374165975653127,0.9914715995876003,0.7447543785444117
6554.238187436868,1.1638744234773484,0.8375769822719676,1.0165591751834866,0.9926677593175779,0.9422886278689313,0.940176924008761,0.9240170418340774,0.8630165126690557
6554.255839140785,1.1037428725042107,0.9335980576382998,1.0477838305357259,0.9332833029476213,0.9393121906205701,0.8795005885814875,1.015336719875201,1.008717886519521
6554.273490844701,0.953365959557521,1.1251727498402952,1.0876128832514342,0.8476676744127468,1.1230550391292984,0.8074284856762773,1.2180627590794155,1.2278980066480525
6554.291142548617,0.8321114097637895,0.9530886271837957,1.047469772955632,0.9707571125674122,0.9902553822538864,1.0352133397943903,0.9991055229380402,1.0584189603518082
6554.3087942525335,0.7766800767788938,0.8905539496203476,0.9763565591987674,1.0329594373298234,0.9199857296087943,1.0890962034822937,0.9389814003282113,0.9307102744862021
6554.32644595645,0.8188416033400603,0.938656224073381,0.8149946872387619,1.0211642582253702,0.9014866276521158,0.8746101451896687,1.096338794917326,0.768202678825476
6554.344097660365,0.9015274637014129,1.1325322855558024,0.8742497879931926,1.050560527674781,0.9638741801008501,0.9224632625847047,1.1132893839429059,0.9863211399293506
6554.361749364281,0.9505529106305718,1.2334770450854766,0.9450543322520393,1.057023049905459,1.0189627737156761,0.965171447479271,1.116135423239271,1.165936704633501
6554.379401068198,0.7707977724647193,0.8008930423645619,1.042268983581757,0.9227721672740696,1.0218916248856162,0.9579257352532666,1.087160517862684,1.0989415603657102
6554.397052772114,0.9575153353652662,0.8542381358228891,1.0489534436717585,0.9746819203563657,1.033523947503565,0.8743320648257512,0.9996802466991201,1.0445785692367333
6554.41470447603,1.2234804628521316,1.0108814264602526,1.0332601233759182,1.0680789195765428,1.045659214864623,0.7755258893625312,0.9010274334410193,0.983717130846872
6554.4323561799465,1.0695089109901017,1.0920989610631446,1.0176840451145999,1.0522469675561517,1.0957941704365908,1.0263845364231925,1.1070955620678689,1.0282654724670637
6554.450007883863,1.069081784563633,1.0630733635795322,1.1114985918122628,1.1002995675690852,1.0803310831101096,1.072124020562406,1.1441829997569366,1.028882064291556
6554.467659587779,1.1632954389409105,0.9285356063671499,1.3236841664510062,1.2149542839486605,1.013792012817094,1.003618824513191,1.078969004750018,1.0106947669427189
6554.485311291695,1.0165094356773026,1.0117287378047353,1.086862476166005,0.9810242374703788,1.0029302641941353,0.8952919837491693,1.1187599478710366,0.9505741511672077
6554.502962995612,0.9157218314070722,1.0618216416033648,0.9967989944412933,0.8718828048563105,1.0437749581267557,0.8475022907412031,1.081808011037938,0.9170619350835566
6554.520614699528,0.8451323784943587,1.0862338628004045,1.2135049218086496,0.9907481337312352,1.2486792772553532,0.9168210566715193,0.8406410801291162,0.9267110256913784
6554.538266403444,1.0071338022641674,0.9800070469461561,0.9987601197134661,0.9718998752392325,1.0668384607272758,0.9318583453408419,1.008056275453073,0.9621304422079424
6554.55591810736,1.1532601972034242,0.9045607098618469,0.8201542950062728,0.9622979211920515,0.9098133282634517,0.9595424669910867,1.160761069377269,0.9853701901073217
6554.573569811277,1.0807345432276074,1.160227975455655,1.1270138398349512,1.0862647052110306,1.0968203808704975,1.1061590304145619,1.0108851605580405,0.8786557834746858
6554.591221515193,1.0242628907813023,0.9961341885745808,0.9999980803646287,1.0408736675400645,1.1899746198478058,1.0936202856550272,1.013200343611669,0.9756880575990039
6554.608873219109,0.9594657171352635,0.7032565327874185,0.7496856908313443,0.9442134065055077,1.2728911408162527,1.0327190810613582,1.0509107904439265,1.1364492203298913
6554.6265249230255,1.0381934991373842,1.1032625242376826,0.9252139060796762,0.9956520773899465,1.0860137902115006,1.196526369084034,0.9277426832559931,1.1643312743351688
6554.644176626942,1.0158460066282995,1.1983424817442494,1.052543474123802,0.9439357314303853,0.972129659343307,1.1616270566111886,0.8908586236246614,1.1408523146925151
6554.661828330858,0.899988158494732,1.0661338198013706,1.202219800823528,0.7744207616545874,0.8804239388263169,0.9395072093436483,0.9072191076503542,1.0424704213514346
6554.679480034773,0.964509586872625,1.189513806991486,1.1469734330002614,1.0093454695156725,0.9205591350285844,1.0145446176227073,1.0138518948121042,1.1076206691051196
6554.69713173869,0.9720080262953281,1.2022974535989177,1.0843417849168384,1.0969729016719203,0.9260123396665343,1.0806617065247854,1.0573606617340936,1.101425547071291
6554.714783442606,0.8265081145099261,0.8797928480667395,0.9616118100128767,0.8221701348908277,0.8108163398699826,1.1210657339226235,0.9248771851674,0.9032585826083037
6554.732435146522,0.8633308764675014,1.116116993258595,1.0118937560519008,0.8128234987831067,1.0027679387277006,1.2985653413591693,1.0101875388589467,0.9151192245844626
6554.7500868504385,0.9192929702342473,1.3468359232542775,1.0605897117530203,0.8425070255525695,1.1811896348219624,1.0,1.1032709279577535,0.9459038586734594
6554.767738554355,1.005120719197333,1.007752495063264,0.9110694751965803,1.033904440068024,0.9699456375748334,1.0,1.0832079958098508,0.9631839260723232
6554.785390258271,0.9575477580487857,0.9911733590838764,0.9485540375881552,0.9958507864073445,0.8725225353614265,1.0,1.0796991400514742,0.9598500608800992
6554.803041962187,0.8511936938900927,1.0686900410566327,1.0594130471640384,0.8677083773450511,0.7882712350697814,1.0368305705495948,1.0774363693022277,0.9435345175501625
6554.820693666104,1.0116278171869288,1.1592160285571558,0.6954366632899247,1.0926653849182644,0.998737334369867,0.9786759584662106,0.9739733245481448,1.1411353493148733
6554.83834537002,1.0856360163866805,1.1382233083145097,0.6891979572222927,1.0976507008868754,1.0347733317917007,0.9313814741161733,0.9471543126006443,1.0983833772357916
6554.855997073936,1.114106331277714,0.9821358613356147,1.0661887861267996,0.8771184727743319,0.9054581953184495,0.9221841638892029,1.001721586552309,0.7744739744775633
6554.873648777852,0.9917479649977623,1.0105981333014247,0.9064987807750725,0.9443245842974234,0.9232910865946659,1.0116697567485085,0.9371135188437004,0.8909039813372288
6554.891300481769,0.9309434504594231,1.0501232094248791,0.8565548891485398,0.9715490787617956,0.9343947321425915,1.0857751710599823,0.9152758144050299,1.0241569114017086
6554.908952185685,1.0246755242381325,1.1391472039848904,1.1737822828479676,0.8619488228420555,0.9324130436717479,1.1548915188752442,1.0260301197904569,1.2891995377599768
6554.926603889601,1.1580982820673993,1.1552534924029838,0.9736947796524676,0.9721678312698528,0.9224644767425126,1.0420723484164285,1.0149606816215617,1.141175526039837
6554.9442555935175,1.267596775853419,1.1464927793657118,0.7551581479609906,1.0988336390284184,0.9186786913276671,0.9175068715474884,0.9903587875602219,0.9443065813558515
6554.961907297434,0.9866797843329971,0.9594397890220995,1.0916956022374056,1.1267294027271726,0.9986836545293714,0.9540065636659839,0.9820555684569375,0.8160879839013058
6554.97955900135,1.0332454061934893,0.9409281403574765,0.9770226860243244,1.0432904228455988,1.0212899383651162,0.9217590320403106,0.9399330792636236,0.8051613277022568
6554.997210705266,1.2086681656847291,0.984268468639648,0.6752066827110297,0.8876046779760409,1.0237554153856805,0.8621302925183921,0.8781998056369312,0.8503082075535559
6555.014862409183,1.2280834330780217,1.1110506421992201,0.9272171746174772,1.1560814487051903,1.0528573517088462,1.033480634971144,0.9632616431174097,0.9590585132737847
6555.032514113099,1.0548539522580769,1.0908310685939142,0.9812505407048758,1.1583301548256015,0.9684174790641776,1.054705016280329,0.946263460356619,0.9900279050665285
6555.050165817015,1.0,0.8676033075869257,0.8328470698359207,0.8547868431269138,1.0,0.8880477651015554,0.7950523976164214,0.9233023664690878
6555.067817520931,0.7487901022297672,1.0180770452980836,0.9606696522172506,0.9188711552830212,0.8250564395963731,1.078311005245961,0.9262815823724265,0.9997190548910029
6555.085469224847,0.9257513059883798,1.0989374509237064,1.0380698130168247,0.9693780274149706,0.9214382571081315,1.1798824248507072,0.9894877981742529,1.046487240205542
6555.103120928763,1.0726876761839301,0.9215040212661065,0.9259637887302505,0.9410473930538884,0.9515230676385027,0.9928165569169578,0.8157149605084529,0.9832704222892262
6555.120772632679,1.187630759824249,1.074452980407246,1.0636521561569625,1.1494392848514086,1.0375914408700946,0.9946135758721856,0.8588226302643367,1.0602242629735132
6555.138424336596,1.2693492998265896,1.2287447721952072,1.2117475989642683,1.0,1.1186997032315598,1.0102987539143164,0.9369699459409249,1.14284115896036
6555.156076040512,1.033229425652215,0.7976055136518637,1.0495574199042939,1.1867172114712938,1.0722829658349422,0.9163903532862068,1.1280084044033636,1.0423780917889545
6555.173727744428,0.9245131826407957,0.7901836087477832,1.0446186134010365,1.0260525605466728,0.9926606655849193,0.91676001038424,1.0782314990209352,1.0725045699386946
6555.191379448344,0.8428161590578731,0.9592999229872601,1.0976874991377743,0.8281443693302898,0.8733109561413309,0.9590348825012682,0.9116549670758891,1.163405482088178
6555.209031152261,1.014048098713566,0.772243779071518,1.0340152436626107,0.9422434355499762,1.1056766958626154,0.8753233736288107,0.9434986714564266,0.9687274821039015
6555.226682856177,1.0393457135136528,0.7623128714443353,1.0207526788478527,1.02241698102771,1.130234113366447,0.9484678127152244,0.9595072941304544,0.9608660764707593
6555.244334560093,0.8961465808694422,0.9245851296809232,1.0756165206135844,1.1180316713389644,0.9155087447920718,1.2539982394378841,0.9817999881437159,1.1726561884484015
6555.2619862640095,0.927638178095299,1.1753435333207258,0.9750829362376344,1.0464198485118217,0.9250878934179693,1.1022686079263375,0.946959172902745,1.2109272558087043
6555.279637967926,0.9619381079049963,1.286192778659766,0.8998183721755756,0.9967054609832491,0.9211002108432298,0.9960464216915017,0.9586138265175035,1.1779148444878995
6555.297289671842,1.022719973236288,0.8891434052385159,0.8860979584832761,0.9979784350243267,0.8369602923585762,1.031362854745748,1.1397424277753792,0.873656423310259
6555.314941375758,0.9658878580971808,0.9524208023216626,0.9716980296306829,1.0934525024628756,0.9604475531552097,1.0740653301565664,1.1664451357870225,0.8820920084351289
6555.332593079675,0.9022303128426078,1.068224430165441,1.0556997515952955,1.2017104635500033,1.0961151987393716,1.104564191786917,1.1637390635512694,0.9404135486309577
6555.350244783591,0.9923341836322643,1.0427744539128192,0.8626697194297002,1.303446021132372,0.947377876324723,0.894951940391251,1.0508008871386343,1.065699764712874
6555.367896487507,1.0250406486583568,1.1056010764641033,0.8653932312641097,1.1378646103110672,1.0101350280085615,0.8861984983983389,1.0378183284232483,1.093667498340301
6555.385548191423,1.0430809139952464,1.2125380661977343,0.9448883523983678,0.8215662799349726,1.1707157917049962,0.9606336226383536,1.0656895060624405,1.0859280475028554
6555.40319989534,1.0129075902970632,1.0728003123064571,1.014768698480163,0.9062785205972251,0.9548237629275222,0.963518307098496,1.0803753048534717,0.9104364203849039
6555.420851599255,1.0021722854255901,1.0462789731172466,0.9881115100871799,0.9947748666825501,0.8925713842963379,0.9530994256572233,1.0630148989487795,0.8853272195357378
6555.438503303171,1.0090268601372998,1.147351859735775,0.8225110196151373,1.1695127729098225,0.9849842431769851,0.9038781529600585,1.0014929277839708,1.0481232988866427
6555.456155007088,1.025140145339544,1.0980747051821296,0.8410438599440095,1.0219923372732018,0.9889676677700424,1.000873709115431,0.9762106190265251,0.9964122296732822
6555.473806711004,1.0009799438291114,1.0651803526418369,0.8609728198259766,0.925055976623975,1.0018129633785846,1.0537267809456075,0.9665576099856846,0.9476537780958098
6555.49145841492,0.8070796751458197,1.0891248871440349,0.8706989944045586,0.9711474332460567,1.0482466576669112,0.9479585339059251,1.0099305435470016,0.8691963080838909
6555.509110118836,0.9000950671871707,1.074799889988574,0.9591454811306485,1.0782456893559726,1.0579245200458822,1.0043223434326363,1.0105150953256015,1.0311235173777786
6555.526761822753,1.020978325098568,1.059116881809587,1.0439941090315144,1.1804790748990572,1.0643824754205793,1.0700694270482471,1.0151111953257266,1.19435007175746
6555.544413526669,0.9637494783696781,1.0846467757262257,0.9322254788081551,1.0830517321107456,1.1100599051072935,0.9928619050806408,1.1701419135169895,0.9120878255647704
6555.562065230585,1.0157528168423513,1.0892853479494946,0.9370878309325427,0.9643225161218354,1.0659492006738964,0.9866908698392972,1.067875041374665,0.8681708821751734
6555.579716934501,1.1137202367350674,1.0971051239021714,0.9825973295233107,0.8072280291647715,0.9736622469092482,1.0064085058165666,0.8397677723513126,0.9035855227007934
6555.597368638418,1.0264246370045176,0.7755683475357142,1.0150429165449264,1.0137382974189997,1.1315821726198674,0.9301138868758484,1.0210207267770306,0.9542402082399787
6555.615020342334,0.9704559311074268,0.7286252790054357,1.0654107080556396,1.0593711997428703,1.121024175216057,0.9241570458782224,1.0852850243115393,0.9580311248123772
6555.63267204625,0.9212769493883545,0.9859499441679619,1.153031677778417,0.9641646558240533,0.9208609193505202,0.9960978293186896,1.0516886385578272,0.9174679319707056
6555.6503237501665,0.9458155140494865,1.0295232188773116,1.121990993615971,0.8270615266286447,0.9193573135283672,1.0077597362439967,1.096689486760457,0.8259915762629875
6555.667975454083,0.9647219718843502,1.0132753799639063,1.0215541926713343,0.7847672042941366,0.9358816868604494,0.9915585350877637,1.097313026830772,0.7696753652764626
6555.685627157999,0.9909909523432799,0.7608324362587464,1.0,1.0546536642667397,1.0118012209430582,0.856586211896234,0.9566505788465315,0.8176057187381037
6555.703278861915,0.8861770934843346,0.9112822113331466,0.7983569574627398,1.018706355446668,1.0485928795282162,0.9781041102164595,0.9341053535108452,0.8126175257450067
6555.720930565832,0.7954409082580356,1.1020627281406303,1.006367473838585,0.9654599495030428,1.0793249254048967,1.099754603205463,0.9331250605143251,0.8201594311474428
6555.738582269748,1.0583900402135127,1.1933781970727573,0.9094981775381372,1.1305966326572938,1.119083030110422,0.8821974799322654,0.9834329482093636,1.0230481791410724
6555.756233973664,1.048993540251437,1.2078107039799413,0.956144066374991,1.0807378420109865,1.0410556938655795,0.8643673337747121,1.1415130007075969,1.027325444931848
6555.77388567758,0.9451588281445662,1.1905649628421067,1.0478821841210344,0.9481937716088246,0.9075328517038385,0.9112092142786707,1.0,0.9550369727864416
6555.791537381497,0.893323590281908,0.8107755725355285,1.0184127154763893,0.9574371827955358,0.9568863955751418,0.8486445125622537,1.105815704829266,1.070086217884787
6555.809189085413,0.8727271060527302,0.7413695956439894,1.0203977339908405,1.044732249487872,1.002858899974539,0.8705126666004847,1.0072842922951117,1.0870079994700754
6555.826840789329,0.8888514553369335,0.9678153663949672,1.0362972804835304,1.2791023786794926,1.0725547443684358,0.9758175461744221,1.0211876393841675,1.011279615303161
6555.844492493245,0.8671002522979274,1.0388841618134692,1.111607963230387,1.0053483141379036,1.0664560435782025,1.0229203431507408,1.005695664514538,1.0374895794587602
6555.862144197161,0.9357760407828881,1.0893853408913297,1.1729510414607363,0.8780210659798744,1.0788435015221167,1.0467989755635294,1.0260293036502743,1.0377836306360566
6555.879795901077,1.3295263587240107,1.0803983635247523,1.2355671215337602,1.1473199250346036,1.1532871515754632,1.018793309570059,1.173829329381783,0.9836837527755989
6555.897447604993,1.0649338987890693,1.1089396756958858,1.0985035852388474,1.015698936949765,1.1025818171137771,0.9454877803855999,1.070278591621942,0.8865211400327733
6555.91509930891,0.7992098547620784,1.1231886306099552,0.9682347818659996,0.8765385499248973,1.0418481708271576,0.8897366755212683,0.9621628263601428,0.8214545692642818
6555.932751012826,1.0814525838392008,1.006450852423986,1.0744232172749055,0.9741784066143528,0.9894223339312662,1.0332269460330656,1.025188243051454,1.0680397516144218
6555.950402716742,1.1122110415085593,0.9230447589419903,1.0737134320992379,0.9912823596416402,1.016660627441313,1.0082439408439183,1.0228653655950992,1.0913492559398417
6555.9680544206585,1.0828165531480676,0.8419065625487012,1.0463620044354074,0.9930995550006229,1.074496055468433,0.9329244739476581,1.0065330931125616,1.05134028841784
6555.985706124575,1.1164232190371504,1.0542426079217087,1.3524268922120566,1.0102879462217162,1.1222782333562786,0.9622640769051917,1.062882626729149,1.0384316767132835
6556.003357828491,1.1034129803894714,1.1103762555480725,1.3137497438582786,0.9070547942673624,1.020290974454868,0.9797209821123228,1.0203066868003328,0.9980229423838936
6556.021009532407,1.0411604034087165,1.039448816564913,0.9517352264822734,1.0,0.734119796932517,0.9932982290299384,0.8862635756928082,0.9193467347199877
6556.038661236324,1.1334604004254367,1.2162073557886308,1.1819648323798564,0.9919224908037306,1.027281026701486,1.0540586136740502,0.8676968672212565,1.0000655736581152
6556.05631294024,1.138968348270122,1.254200944515651,1.2619475569062895,1.138081858911489,1.1260707314492813,1.0513105660571214,0.8693737701322267,1.043888917688635
6556.073964644156,0.9772657795618994,0.9891634840679883,1.0468263454002316,0.8861179763671548,0.8211737693134935,0.9035546352481967,0.9194603468821365,1.028597341620671
6556.091616348072,0.7984760085978149,0.9496316938703454,1.0254262335848294,0.8387254300139708,0.8486398086814321,0.8789458783952472,0.9731869917783162,0.9866914741087982
6556.109268051989,0.7087884962078417,0.9579793407922821,1.0206498411813543,0.8228348160145966,0.8917658090889435,0.8723905703757563,1.0194441143490967,0.9520302759038544
6556.126919755905,1.2409689378104414,1.184507332715108,1.0635560563707012,0.9298890699561018,0.8963290936255791,0.9244128163105951,1.005086881246311,0.9797517127389059
6556.144571459821,1.1207897711198103,1.21364357139471,0.99052765661643,0.9707432169183128,0.9338795243259709,0.9489822539543638,1.0721140169910368,0.9803646271667724
6556.1622231637375,0.8430719677172966,1.1911098328183165,0.8906699473214458,0.9981059876471544,0.979908072320337,0.967500783945869,1.1571225213433287,0.9751764868094892
6556.179874867653,0.8441266295319615,0.9100629749772027,1.0850457628750694,0.9867107049038101,1.04148539729406,0.9201071510796491,1.0751373340984502,0.9087563699490818
6556.197526571569,0.9036635918886802,0.9545804186457153,1.089721254204727,1.0291072485671153,1.0240172395420852,0.9216555819030149,1.0662712255557651,0.9230910390744246
6556.215178275485,1.0393934254342307,1.22793595412918,0.9643410518324077,1.1256856764389445,0.9482523057354652,0.9543123745831089,1.1079486301148989,0.9845005548622833
6556.232829979402,1.0208962424457133,1.2319423006586627,1.1421647076754977,0.945172270170713,0.9145144923527282,0.9427531799645611,0.9424617114240338,1.1334801774372918
6556.250481683318,1.0262328953677389,1.2085390977291612,1.208353796944069,0.8852716894243298,0.8966728338160822,0.9691050069118142,0.9106792496492621,1.1653949010351474
6556.268133387234,1.0813476639677244,1.122097441474564,1.1129345472097492,1.0156425934116615,0.8807154639459512,1.0929530392952918,1.123826923541674,0.9788264181201181
6556.2857850911505,0.9511614860651908,0.9865673006478091,1.0610558340834495,0.9952267863956826,1.064360381038171,0.9232499649243822,0.9924015261564407,1.0552431578415158
6556.303436795067,0.8606130359828534,0.9142123525497143,1.0342845278083401,0.991560265174565,1.2024208011917696,0.8122396316864604,0.9161881038486156,1.1150941678821695
6556.321088498983,0.9854726438512973,1.1252351864189978,1.1663148563619112,1.0853646125844632,1.1099564348724864,1.0443762047407648,1.143221148204252,1.0933539498934448
6556.338740202899,0.9420975092096342,1.211963753943451,0.9503777498917633,1.116689792102046,1.1079830223121865,0.9106247960205667,1.184790670186769,0.9369313483766085
6556.356391906816,0.8906483650797483,1.2667078289515195,0.6926928020605874,1.132629753174523,1.1113160789501106,1.0,1.192007215910977,0.7689970877642504
6556.374043610732,1.2425116104467622,1.031908377007529,0.9596041314420956,1.0784187491321997,1.0170676028452654,0.8220701263085288,1.1310175510748308,1.0242451549253928
6556.391695314648,1.2588277820182447,0.9574667033627465,1.0583831337727845,0.9546220317887119,0.975912129539098,0.8953790523904905,1.0151718261501796,0.9660225120091482
6556.409347018564,1.1288634800927035,0.945779017878011,1.1143072558624152,0.7644953691962149,0.9542621772930813,0.9857581230596767,0.850314230032305,0.7523356997094274
6556.426998722481,0.8290549578382879,0.9305095818506687,1.0021287283182425,1.031909485357155,0.9739810381104901,0.9183860712996255,0.9310625195369939,0.8539334372881044
6556.444650426397,0.709576810837323,1.0379895581418448,0.9693178905350435,1.088602344268202,0.9774835592896454,0.9050693176283531,0.9346131052168887,0.9274862466675013
6556.462302130313,0.7795921811954312,1.353306910674545,1.011943620481074,0.8919638624493037,0.9548726649533008,0.9419343883597882,0.8530265486650821,1.0072479952446804
6556.4799538342295,0.9740317325933714,1.2585424075439158,1.1026583773728125,1.0230222001235922,1.0347882174944323,0.9780048216364886,0.8946087833454919,1.0092850201593417
6556.497605538146,1.0834531298146164,1.1489718005802,1.1298066902640096,1.0988532436940626,1.062383914444345,1.0102385339138795,0.9197470677175674,1.0015681875661198
6556.515257242062,0.9177315475887986,0.9506920424877434,0.9291858233206967,0.9902962246633547,0.8879010356854031,1.0356943956826394,0.8826654543437554,0.9554235449123767
6556.532908945978,0.9367550402616993,1.0492622222188908,0.9956862173001997,1.0315498809158083,1.0223200836017101,1.0415619567215821,0.9275574376175245,0.9755933351382687
6556.550560649895,0.9813179932399468,1.163018703223027,1.08995379595094,1.073720077959315,1.1751849420801257,1.035023665067862,0.9817355066718305,1.0011111749008281
6556.568212353811,1.0768325279683648,1.0544364341179095,1.1655368222186142,0.9695886916039378,1.1520723975039444,0.9466044020205946,1.0419969991128886,1.0088382930822155
6556.585864057726,1.1492795316370397,0.9222757431682039,1.073300589429219,0.9119369193552084,1.0831178179309047,0.8904560533265515,1.0106833726605202,0.9491317546468137
6556.6035157616425,1.2183710957338076,0.7590921184792119,0.9064204082950122,0.8609855470289851,0.9816504223328276,0.8422707588452334,0.9413500812014405,0.8564517741898259
6556.621167465559,1.1605896677361365,1.1508066968369908,1.2107151511469394,1.0152973245663228,1.1024963390251166,1.0,0.9801057210917404,1.1267960317353662
6556.638819169475,1.0725790767189376,1.2739542153564014,1.2131469431720154,1.0852568446352628,1.0911676797400336,0.7633640808992941,1.0064205028899387,1.2024379142662531
6556.656470873391,0.9358782083606616,1.229771456286954,0.9683660102295897,1.1055295432257184,0.9782746846730686,1.0357324006547017,1.0390417638506708,1.1523328108238633
6556.674122577308,0.8556317745743525,0.9755176215846438,0.9461436826365235,1.081641802164874,0.9119399544025099,0.8975854267371784,0.9905082974076909,0.9393630552522544
6556.691774281224,0.857819084948932,0.8307317633554382,0.8877454234147212,1.0490862661544722,0.848155762585694,0.8877509124543811,0.9777822620239157,0.8494227364444599
6556.70942598514,1.0617935245084884,0.8804954125771418,0.7051832382256341,0.9916377663965601,0.7489231618219597,1.1612126478861577,1.039060115674718,1.004688679715987
6556.727077689056,1.0457271333128437,0.9637357614331074,0.9469771298504209,0.945761427129578,0.9323521114737271,1.0652891081241667,1.0436275231293306,1.0747066537344563
6556.744729392973,1.0356290080941795,1.0433346626318096,1.1592895409502733,0.923844616026863,1.0828993169490218,0.975555668432792,1.0453823611898363,1.125815659371993
6556.762381096889,1.1654309345705751,1.1056044640110199,1.0695614079276983,1.0312418224090023,0.9198919035734068,1.0718757849457767,1.0517292712155974,1.1022600663224489
6556.780032800805,1.0770682922195147,1.01448123722089,0.9931823529493544,1.0563814502123852,1.0133224062575705,0.9653861481557039,1.0494062658532055,1.0616161804188682
6556.7976845047215,0.9407400607296542,0.8858641036387032,0.910639336951072,1.0654528562225278,1.1520861309515145,0.8254915915017578,1.043305711701628,1.0130719413956624
6556.815336208638,0.9533351396979571,0.923409430589475,0.9687595373852214,1.098036682744627,1.0424849272861652,1.0401011921024188,0.9745970779905697,0.9961394119188437
6556.832987912554,0.9284311898822135,0.8766498217627592,0.9703822128412172,1.0186226766236308,0.9674870741466178,1.1396628870757557,1.029842427292831,0.9366854143572804
6556.85063961647,0.891677274819872,0.7701643699579368,0.9435026481016335,0.860719290285044,0.8899265226013453,1.2200637640171945,1.1675864588558862,0.8366574931144604
6556.868291320387,0.8552320493297743,1.019816554109697,0.999015743602393,0.8478721206387047,0.8423298904858312,0.8948603138883618,1.147158137656162,1.0211392700032593
6556.885943024303,0.8254976987949483,1.1173035472960395,1.0560967778937829,0.869635542434391,0.8769308434400284,0.8013855924294,1.0809157164191132,1.0849856873480137
6556.903594728219,0.7788370778847729,1.0425237150044013,1.1397492898237371,0.9654237453369598,1.0618539897966022,1.0041146511124894,0.9102669357862826,0.9865316284742356
6556.9212464321345,0.9445762229361833,0.968403245233306,1.1025922053857855,0.9523934671255744,0.9661368185326344,1.004203404385178,0.954852063371068,1.112808550254179
6556.938898136051,1.0593482576046853,0.9303572134613158,1.0634270769828609,0.9767837090379756,0.9237706859900519,1.0170422242887964,0.9677274495182839,1.183522489019833
6556.956549839967,1.0462147745331802,1.0068548277945975,0.9873743516987447,1.1595184715961808,1.0745846430560602,1.1074429671888626,0.8505756226501404,1.0764077214139216
6556.974201543883,0.8145842746483968,1.0572359273860812,1.1264720595616893,1.1038750399267623,1.112947404055259,1.0091211666066566,0.8838994288480959,0.9761240385022438
6556.9918532478,1.0,1.1087192141618125,1.265353342960813,1.0278552198857285,1.1085612235534021,0.8898969102419436,0.9356492597215129,0.8944344482673359
6557.009504951716,1.1529665342939457,1.219878915361881,1.0956252899026593,1.0812757440445873,0.7802503165588659,0.7661575216829165,0.9560230637887731,1.039961265122233
6557.027156655632,1.2386914312280486,1.1007235025914606,1.0152399613231378,1.0528537711980377,0.7664269183537918,0.9676153367182866,1.0510425747410723,1.030856792954859
6557.044808359548,1.1907262868613688,0.8866562627873935,0.9500683786648186,0.997800294606967,0.8591727040174828,1.30711472505664,1.1777538236045888,0.9704087667888726
6557.062460063465,1.0545410695408852,1.020339130668771,0.9535588093737148,1.0477356328870648,0.9238634395338063,1.1201024045038923,1.059182285960899,1.2682181862907584
6557.080111767381,0.9898381098154504,1.0162019165587752,0.9371233961377567,1.0381347508850036,1.0059955279721406,1.003598840647284,1.0545446555933815,1.2036175681223664
6557.097763471297,0.9805978944890447,0.916708825714085,0.9154468138629489,0.9876890839169123,1.1258990563481879,0.8749581298889741,1.1392560673777459,0.8105795498392774
6557.1154151752135,0.9089502419664217,0.8790267827621501,0.8000936574936641,0.9012956939717756,0.9929630212468153,1.0036339294647012,1.0825097182700536,0.8804995422850884
6557.13306687913,0.8595281312384956,0.877251363136317,0.8530842701623242,0.8912440434463985,0.9402428984979726,1.0804089228989708,1.024983475190478,0.927780758352293
6557.150718583046,0.8255735728842969,0.9469480196164467,1.307834694632958,1.0397599899278354,1.0162481085953317,1.0749534706875683,0.9277103552361542,0.9641315908558628
6557.168370286962,0.9495856065315289,1.0336431012525653,1.1479014137902896,1.0762511805571726,1.1258659560219355,1.1186973086932575,1.0248970286090904,0.9961105339502107
6557.1860219908785,1.0465047416923492,1.065043227554939,1.010536969006371,1.0840560337600713,1.1771620614351765,1.142055238068976,1.1054210579968045,1.0438963386215108
6557.203673694795,0.9614723956213033,0.7694505571947979,1.1632043885001768,0.9709798891620058,0.9051796004796201,1.0808512579956613,1.0816159751696395,1.190662244380789
6557.221325398711,0.9795364390169642,0.8951502866393789,1.0964316334615283,0.9576394124774086,0.9313406187591817,0.9433327109712101,0.936040513579322,1.184646429730848
6557.238977102627,1.009764247666216,1.0973702886750438,1.00360115472611,0.9712850365207382,1.0091415631815408,0.8092173693592396,0.7827931188418333,1.1408751527107845
6557.256628806544,0.9510277334199524,1.1502829063565372,1.235025019458816,1.16051969247058,0.9915624352407972,1.1661408332874932,1.1261967185454629,0.9742882543333465
6557.27428051046,0.9379903528472197,1.0378047707524225,1.0699367840392067,1.1612371971253703,0.9683544174823158,1.1307805085099996,1.128080111351606,0.9921785597803213
6557.291932214376,0.9386997580649237,0.8095920009953417,0.6900721127173619,1.0708727667946598,0.9334892559623865,0.9111550165635617,0.9746479289433418,1.11233655030904
6557.309583918292,1.0603630323882716,0.936584495744718,0.8525020523172413,1.0472044480651599,0.9586174697905795,0.9647955476833312,1.0340569624008453,0.9164856999519186
6557.327235622209,1.0614146563458162,0.9403261364568155,0.9027979841507106,1.0424212864186915,0.9315700130816933,0.9264782471147317,1.074559315948264,0.9140850666100326
6557.344887326124,0.9244289231802644,0.8058390616461657,0.8631084469066396,1.0586652759769057,0.8341041283318652,0.7724854014965407,1.1145748141539806,1.1429103140423273
6557.36253903004,0.8826785976329024,0.9575339573144273,0.9580949612127866,1.1045332445654967,0.87985560319031,0.9317442772724355,1.1454614656439746,1.0240389799141896
6557.380190733957,0.891658816662509,1.0421749978880828,0.9875501516894574,1.2056048243923587,0.920103398271501,1.0410903655148023,1.1310597819922772,0.9249686366953501
6557.397842437873,1.058358922809184,0.9587664477883518,0.8171570081133451,1.0,0.9715184229794445,1.0581999106980349,0.9904476449794483,0.8303818552091246
6557.415494141789,1.0174606776067923,0.9572222517801995,0.9216812299603744,1.0,0.8925450248729796,0.9564132316911746,0.949618216987803,0.9478172289104823
6557.433145845705,0.9786559339747476,0.9657279713726749,1.0419443112518239,1.0,0.8270646494398771,0.8746874803846746,0.9324545738502885,1.0794556082418054
6557.450797549622,1.0983946670977736,0.9911924366536722,1.121619905283454,1.0,0.9493772235968113,1.0079969101744843,1.016253063004164,1.212309890332584
6557.468449253538,1.055768321994073,1.077299185903745,1.0979504839397305,1.2603660615616814,0.9356578488805808,1.0821677882256118,1.0409672165922486,1.050547312119752
6557.486100957454,0.9729777315714959,1.17603239237376,1.039036272550032,1.132724629243849,0.8912164886965246,1.148120980177691,1.0537399190550938,0.8057470489844918
6557.5037526613705,0.9560106956820571,0.962239344951414,0.8965356585418147,1.0267826310611285,0.8898403356346093,1.1834189899674352,1.1130338390777226,0.8672067807874544
6557.521404365287,1.012073817235168,0.9169726640540665,0.9642200795607516,0.9695267628099619,0.9400444506260008,1.0900924146751354,1.0523398356581848,1.0235642632352997
6557.539056069203,1.1451198826995286,0.9636313408521819,1.1945937658217651,0.9427607898075067,1.036952522997189,0.8879645083291682,0.9022842063761204,1.3056151802234486
6557.556707773119,0.8713689342767642,0.8698924993316367,0.9022641835064207,0.9549214111662403,0.9750151477537705,1.018449934379939,0.9725121409660233,0.9549575874477056
6557.574359477036,0.8033742123777052,0.8547852652964988,0.7997946731367673,1.007757754927356,0.9748709355736094,1.0942577095052295,0.9953330572773988,0.9141098485336232
6557.592011180952,0.9935018131595208,0.9481848973739088,0.9293799267598979,1.1556557073083729,1.0709438849648734,1.1550422518664911,0.972366616597072,1.296690173537503
6557.609662884868,1.0775315104855838,0.9423406614666368,0.8898950915208287,1.0328900187220391,0.9308483475147011,0.980845963427208,0.9546484324893809,1.1994761892858556
6557.627314588784,1.0871820089219995,0.9416945721022796,0.8546967385907023,0.932294671167301,0.8888998482995946,0.891283535532144,0.9676395562150254,1.1403328120223548
6557.644966292701,0.81589153765003,0.9551356824864737,0.8166796402571314,0.8677929709377653,1.2293201909914695,1.0937719962480645,1.1184628201626445,1.2719852100971647
6557.662617996617,0.9622859124540124,0.9963460995048511,0.8862177560867791,1.013805598380931,0.9947600038604243,1.0288789430350789,0.9552296686965759,0.9883196528395911
6557.680269700532,1.1264683121140646,1.0203197436151024,0.9723215974519336,1.1641822959881696,0.7540128704608611,0.9547109484474202,0.8185112135523677,0.7169296427024554
6557.697921404449,1.0419601301404136,0.8913813995975293,1.0968729893250824,1.1394246691720777,1.0511499618045677,1.0501154511069843,1.282462279214838,0.9960264556212746
6557.715573108365,0.945188451742196,0.7284700779824571,1.064940715932198,1.0063363236193372,1.0306285920215223,1.0457494640061653,1.172174358880724,0.9502494753409145
6557.733224812281,0.8317781165100492,1.0,0.9797403485671521,0.8272806168290949,0.9292061821812684,1.0154819065551066,0.8954259907369129,0.8231259090930634
6557.750876516197,0.9960533888462618,1.2406585741238803,0.9353170362648442,1.1119958668933783,1.0152829973942261,0.9749119865896445,1.1037215807580516,1.055820194413525
6557.768528220114,1.049105775728436,1.2416515273609436,1.0591875705247535,1.0813917397702324,1.0016025203315215,0.9930474434733959,1.0534149043335552,1.0862181506259951
6557.78617992403,1.0453168076972756,0.7671782697335519,1.3442546127873842,0.8345069644648789,0.9133595175893697,1.0565535556201606,0.8339772345005219,0.9928447114680967
6557.803831627946,1.0538712329755966,0.9066336041298853,1.1563342727473946,0.9292597713724071,1.0708935215467112,1.0805540522726997,0.86873292008048,0.9764912375662876
6557.8214833318625,1.032413163257671,0.9503621292917628,1.1080587860985558,0.9869386504138613,1.0969115115709993,1.0616879150944978,0.9002860938850392,0.948274205655791
6557.839135035779,0.954019155578504,0.8946543680116015,1.2605927683768823,1.040149234940771,0.9082993768053331,0.9469617876735174,0.960663375845106,0.9056618816977662
6557.856786739695,0.9607078198529321,0.858336148021994,1.1593949090320297,0.9008223325312515,1.025058788092012,1.060694151873465,0.9240885501052827,0.8567269087803627
6557.874438443611,0.9709661912030789,0.8657635303790782,1.0919637217628784,0.8485197196806704,1.0980067634718673,1.12456327706886,0.9046985940433211,0.8599937647122624
6557.892090147528,0.9720401252818907,1.052433317073634,1.1720196953132185,1.1467873330440435,0.9964089745106772,0.9921746023632333,0.9535182683313261,1.0816024240663529
6557.909741851444,1.0676447783446472,0.9927844246761653,1.0977480572043228,1.0691058342279938,1.0047521754444373,1.0141642155404267,0.9518407241700115,0.9831989248984829
6557.92739355536,1.1446640254590978,0.9057948552230789,1.0219368157248871,0.9488729665005082,1.0244731649749645,1.057216832136537,0.9536447109603658,0.8581810632625841
6557.945045259276,0.9066703144198682,0.8590677705205291,1.1432159513274682,0.8475042503494616,1.0512929620503577,1.132577949526948,1.0420613207561322,0.8851753260574969
6557.962696963193,0.9114754503732905,0.8734035333845915,1.0197495677852615,0.9346022895212389,0.9946013275764709,1.1415638824668135,1.0694348253311197,0.8736343820635263
6557.980348667109,0.9881232593393076,0.9135642755685611,0.8163676561827132,1.0928659154633682,0.907561758270457,1.1269408211666354,1.0789745835047952,0.8561619006886265
6557.998000371025,0.9084515107373972,1.2217829087275287,1.0056081203041918,1.0303410836042168,1.0324959506281388,0.8437190748549415,1.0647710515850588,0.7735230895230476
6558.0156520749415,0.9751311784083307,1.2216173461607434,1.0316106630974429,1.0389456369750139,1.0138940884829772,0.7696581698575531,1.0256635218939487,0.8674617209117059
6558.033303778858,1.1647660645840954,0.9892302999461152,0.9567822928298041,1.0917871592515453,0.8856523887442975,0.8265517577721153,0.9532084680560586,1.1232894420622128
6558.050955482774,1.0300709502601375,1.0613246897257116,1.0396991289056374,1.019512782921446,1.0187350569604634,0.9112263299453093,1.0483207332048492,0.9212815918423685
6558.06860718669,0.9680377034758112,1.0582575027682908,1.0717716776476585,0.9871548907971356,1.1117051586409628,0.9636915321766638,1.0651770797667652,0.8748463875407744
6558.086258890606,0.9866198708893985,0.9187933784497724,1.0203546139188182,0.9910665606334581,1.2020911864689778,0.9796881944046963,0.9682598173735667,1.0584575279463975
6558.103910594522,1.0236888334346552,1.1482526035950016,1.130805659481921,1.0994554152218965,1.0131578822954588,0.947891428662113,0.9405029192518372,0.9901153890347284
6558.121562298438,1.0374922137345737,1.264675796618405,1.162001859065385,1.188501452593505,0.8784648592088924,0.9127208311180237,0.9339573215976876,0.9482963480312122
6558.1392140023545,0.9607821362431287,0.935521707435208,0.8767868722231784,1.224206786083298,0.9186920352271892,0.8452548166731199,0.9954018910207235,1.0041590508604132
6558.156865706271,0.9732088212594401,1.0113902916908457,0.9384107420321833,1.1743961910501155,1.0353746524609475,0.9248146527405476,1.021869130297786,1.0695875546086426
6558.174517410187,0.9988059023286173,1.1140376179023022,1.0349326830348449,1.1133401017212516,1.1468605929512654,1.0195336872426848,1.0327327132063122,1.1098123107852536
6558.192169114103,1.0426605688996318,0.9909238228475593,1.0704332782950479,1.096497769919937,1.0841327491448014,1.105987281944517,0.9228993616077523,0.8642438424290104
6558.20982081802,1.0602725021319985,1.0897509722285177,1.0125398824650276,0.9961991698352641,1.034602269097179,0.9613674718637328,0.9494175108077589,0.9286790165982906
6558.227472521936,1.069681282318533,1.2555766055702204,0.9186190629424039,0.8694486595167371,0.981213148386113,1.0,1.017782504098229,1.086017740173964
6558.245124225852,1.0805887335102318,1.2503658783679708,0.9550158595595698,0.94073762164639,1.1696226947993202,1.03439567756787,1.046083773189096,0.8491628132617564
6558.262775929768,1.0774982225249583,1.2030280915398286,0.9576252243680986,0.9077250944158931,1.1209229591669265,1.0632831460932686,1.0353606906921748,0.8878241170791168
6558.280427633685,1.0707475926845738,1.1095790206971294,0.9452459876221666,0.8020460863185853,0.9046989187307215,0.9315222243354028,0.9962245745021213,1.109781800738617
6558.298079337601,0.926914546492242,1.0228356595230235,0.9473177545477615,0.918843353096399,0.9385246552567773,0.9800266174459461,0.9188761937921293,1.096390593192338
6558.315731041517,0.9727459900155219,0.9791639888096507,0.9777015974682667,0.953267569758163,0.9841510761689654,1.0651966663812327,0.8535103392645909,1.0517102856669358
6558.3333827454335,1.3640975454361588,1.0073175072471485,1.092009025259975,0.8767415413309471,1.0989757279523322,1.2576772867016355,0.7824995878302707,0.922142321677514
6558.35103444935,1.0235031583214855,0.939502761373382,0.8404739566169035,0.9170467687858129,0.9474276252044946,1.1108166397952055,0.8528693965400117,0.9555661192500047
6558.368686153266,0.8244307253208205,0.9127485287264638,0.7254318098394077,0.9357200844054864,0.8743401922781061,1.031739762737261,0.9186368052056968,0.9980022505204231
6558.386337857182,1.092528919213145,0.9946481427240936,1.0351937414092522,0.8726946277614924,1.0692791289412895,1.2079945051238186,0.9695890138537046,1.0919867609593603
6558.403989561099,1.0780607611876445,1.1605136728344094,1.181004884433022,0.9198816282906941,1.0197788408467918,1.037776709602544,1.0093901771892513,0.9959597329545591
6558.421641265014,1.0447843416290807,1.259330432655032,1.2748318637251776,0.9715199253892017,0.9692620981731156,0.8816770761511891,1.0361393953669622,0.8985065482528761
6558.43929296893,1.0793732135221417,0.7015227038364282,1.0798901286225748,0.9560813341839454,1.1096897727748156,1.103861004630863,0.9718065580926298,0.9584456982016165
6558.4569446728465,0.9965502321048176,0.8628939157352422,1.0251246646351366,1.0202541887005074,1.0834524610848766,1.1318728815523231,1.012361473803406,0.9599197763442527
6558.474596376763,0.8873498367916475,1.2011295521042444,0.9999513825576671,1.1007264579504157,1.0137979054678226,1.1162347381834206,1.0789411564184355,0.9513036441798371
6558.492248080679,1.1085709695031583,0.7894349443391011,1.0218239903373003,0.9663817737026225,0.9242912152754561,1.012275437673206,1.0577156110265236,0.9371841667457929
6558.509899784595,1.119328051612484,0.7923686253659699,1.0043940875457844,0.8975288165407598,0.9405357167594898,1.0135882241890262,1.0399580651768745,1.0037091372628868
6558.527551488512,1.022500975656194,1.0139631946131813,0.9699411306228192,0.8436308055972233,1.025652842912015,1.0802651245562915,1.016946206927249,1.1352276656751976
6558.545203192428,0.9432588434263477,0.9459998121963749,0.834824166280802,0.962796023179056,1.0164749418508294,0.9961069690804387,1.0005448016986163,0.984707727481049
6558.562854896344,0.9415468529232305,0.9373312093222868,0.8933815123067369,0.9596828293355317,1.0460917369529112,0.9614728195042752,0.9872214658965539,0.9515672100084464
6558.58050660026,1.0465931100693475,0.9727917697166144,1.2406615573511224,0.7859046585711582,1.1320402391383524,0.965028141983035,0.9761942352870239,1.0509239902838097
6558.598158304177,1.0493912970203352,1.059762899614748,1.0335752953524253,0.9681828279945166,1.0703538916897142,1.0419933609582264,0.9864154696609145,1.0063871288822757
6558.615810008093,1.0155433989147291,1.0860219646968328,0.8984056870354905,1.0840964939801143,1.017058866750196,1.0994888603720256,0.9800088460271807,0.9782828700923787
6558.633461712009,0.8560705197347895,0.9293958281525182,0.9395995550971495,1.0670266454048598,0.9551023598644967,1.125451452572118,0.9234667258148699,0.9881904262124812
6558.6511134159255,0.9462981681249334,1.0587431732386356,0.8553744878063276,0.9601592744689385,1.0626657139957336,1.0887338826826953,0.9380354010801317,0.9792286895500569
6558.668765119842,1.0307296428207333,1.150707589006485,0.7821071535720755,0.8630889416739588,1.143218346934642,1.0297352482230162,0.9733714430107372,0.9884602069583441
6558.686416823758,0.9636792443215488,0.8795418964448393,0.806389123083951,0.8564958292889324,0.9901407499818634,0.8585584780230853,1.1147232974564971,1.1420097448264228
6558.704068527674,0.9970073154211745,0.9546516403517733,0.820487700434472,0.9194060010409054,0.9763576010639748,0.8869904239694383,1.0836092599878944,1.0328361044849799
6558.721720231591,1.0500901283990145,1.0870850672289412,0.8523476834711805,0.99574060193891,0.9853061896569001,0.9592617695148893,1.0139901077118327,0.8732563584933917
6558.739371935507,1.0717800386815228,0.9633150123540604,1.2175699366704715,0.9039990336102622,0.9467136613417593,1.029316393585328,0.9198701773890723,0.8709657094498959
6558.757023639423,1.3059218187845119,0.9451071652698282,1.1734268513282846,1.0014358451233243,0.9874675855265483,0.9955709124805113,1.0080942253110712,0.9073838680884656
6558.774675343339,1.0,0.9618835100804196,0.9384816838183458,1.1964465827410518,1.068865959249447,0.9064350094537681,1.2003740494041955,0.9743244049667978
6558.792327047256,1.0,1.0023707316901234,0.9476028847925041,0.8930818716830667,1.0410516267398684,0.942976109784196,0.8707397028741938,1.0631354543174263
6558.809978751172,1.0,1.0919286528851906,0.9366437121300972,0.8465736201499071,1.040374710269659,0.9854551869464603,0.8245635396032824,1.0971798501799412
6558.827630455088,1.0,1.2638155445624197,0.9143726905504671,1.0253475801900722,1.0640192562525388,1.0586085815480337,1.0186570711857967,1.0900580284744488
6558.845282159004,1.0,1.0419430047640328,1.0307811991894757,0.9161737880113855,0.9892703100388452,0.9833514519994736,1.0239715810937307,0.9772309547763203
6558.86293386292,0.7997785026565525,1.0834322043597862,1.071425885912245,0.8643552694669061,0.97038724267655,0.928099156727013,1.0130700063212357,0.9431276864229936
6558.880585566836,1.0735596910390222,1.0,0.9579276485450972,0.914384423962744,1.0650806812006912,0.897511559135748,0.9573568856428956,1.0507930226307671
6558.898237270752,1.003526200174727,1.0,1.0533765116754477,0.8364507258317473,1.01300180928473,0.8457107337685872,0.9318702632713037,1.1074011080024062
6558.915888974669,0.9695648318687162,1.4155229990126221,1.0909769545969965,0.8028626886905259,0.9718073172901907,0.871884943173606,0.9379500636069452,1.1280377932016603
6558.933540678585,1.1260864234541217,1.0347861185637233,0.8029977599560579,0.9545339487441536,0.9781398166676525,1.2644519065070607,1.0518076976382316,0.9666913853095103
6558.951192382501,1.0644532651281633,1.0140507101173608,1.0739510357840114,1.033175280583924,1.0490861673635954,1.1030107990136029,1.161509880804692,1.1672570898812762
6558.968844086417,0.9560728629315612,1.050912791793185,1.341548385274068,1.0804118176473758,1.1048333738047598,0.9000184285182719,1.2401954962179185,1.0
6558.986495790334,1.0,1.0767967699798142,0.7380768086601095,0.8725293659937464,0.8589532881034226,1.0991743240280372,0.9845601896147168,0.8737627567204472
6559.00414749425,0.767397990340082,1.2211091290177563,0.7078954083947804,0.9302307110157602,0.9752547477802536,1.0436509759294588,1.0106843043972538,0.801011130137714
6559.021799198166,1.043210698502154,1.4049195651847255,0.8382549079787267,1.067466566268657,1.2032580296802042,0.9172366782442622,1.1187969501773551,0.84154037887901
6559.0394509020825,1.171217774731506,1.047521513550037,0.8372441393517922,0.8581954572366268,0.9875378867365292,0.7998399477712118,1.0130221959674208,1.0160135517457285
6559.057102605999,1.0925147026885753,0.961591066466006,0.8558861037732224,0.8469627579294238,0.9423546201656234,0.8513216965053099,1.041720820755631,1.0044468045276198
6559.074754309915,0.840837378145189,1.0223655450809919,0.8709565324374927,0.9462426755444575,0.9808492662040648,1.031556138025117,1.156520012167268,0.8632393584596321
6559.092406013831,0.8884555504065341,0.9938604081509986,1.0710889701556519,1.0353340781789566,0.9842876501075492,0.9836041978859025,1.1048730035475849,0.9542718780390814
6559.110057717748,0.9396332455717367,1.0339627779106992,1.1013513794335903,1.0495605937064105,0.992825671044254,1.0492720119109245,1.1141337687731014,1.0136119376104695
6559.127709421664,1.0281497056794258,1.189457528127382,0.9083941133725801,0.9404729699940557,1.0062769476304985,1.297611391006773,1.2229902700807649,1.0638699883933622
6559.14536112558,1.0691108445168878,1.0683994770383582,0.9014309800863466,1.1000216799914935,1.0264973634285979,1.053526470001154,1.0153010018055728,1.002966269186582
6559.163012829496,1.0553340111171667,0.978652124856152,0.9029694564757982,1.15411247598085,1.0284566006918021,0.8706606936479935,0.8754942911373386,0.9860680006480954
6559.180664533412,0.8476330859509136,0.9574474610272112,0.942436361833871,0.9191292993955262,0.9925199013330563,0.8018733360666354,0.8551865012917179,1.1042896286322108
6559.198316237328,1.0788496233654845,0.9408356750057543,0.8561992986301483,0.9557282339199734,0.9171739675450159,0.877019068349589,1.083455130846015,1.0096684663623208
6559.215967941244,1.2324333417654227,0.9645785898651185,0.8307059982786289,1.0160532340704214,0.8696382054720382,0.9627272582188108,1.2585874367566483,0.933314699216727
6559.233619645161,0.7409524811783136,1.2501823521317805,1.2343945981968534,1.117153730105695,0.9979730093532654,1.0402576321587655,1.0235632252212217,1.0767571607967188
6559.251271349077,0.8065649119718907,1.0994225961919257,1.1423280547439676,1.0813457127542214,0.9885796418179091,1.0415805329680654,1.0210284607402658,0.9427942157337689
6559.268923052993,0.9742672194522194,0.8752158823165314,0.9640958704845718,1.0191313933210362,0.9580639480510098,1.0177997240474232,1.0476951431015207,0.7718037881213167
6559.286574756909,1.1132098175110334,0.919343610814526,0.9722440602594469,1.0289969958911174,0.9891450719963428,0.8794869995973169,0.9152577461394951,0.8607426546724425
6559.304226460826,1.0765613298032233,0.9817017731764369,1.032372524141696,0.9600418124355886,0.9851271243662515,0.8776307014099933,0.9882970212443846,0.9994478856034332
6559.321878164742,0.9552982556492691,1.0746305399727294,1.130589908285151,0.8547625579097573,0.9697583675130813,0.9302787355384806,1.1508467821359898,1.1856662873828354
6559.339529868658,1.037686489748165,0.8528143170813467,1.0763225727138677,1.0582587670018435,0.8597297074498483,0.9956682674142547,1.019136000560604,0.9073534371594252
6559.3571815725745,1.0494792219990352,0.8296027364484405,1.0752664264030292,1.0678097312776023,0.8892541859243336,1.0845800042417022,0.9770172247140327,0.9433113326938837
6559.374833276491,1.010549564873771,0.9569575853259821,1.111183584797327,0.9340127096716766,1.0394431727682736,1.2139598690615654,0.9775977524907974,1.219774816446724
6559.392484980407,1.0891382347411722,0.9240240210774903,1.0780978503051872,0.8956390107967143,1.0347424566000314,1.1245663353258135,1.0948145261504887,1.310386189150114
6559.410136684323,1.1217785077202644,0.9400803631069724,1.05087342594903,0.9165941854248763,1.0245222207563565,1.0234820230086838,1.070284706253108,1.226653232877724
6559.42778838824,1.0969006058059159,1.0300435619060735,1.0349661063534554,1.0555484191408997,0.9874558698964043,0.8552395484289128,0.7975355079736626,0.8076500520374551
6559.445440092156,1.0408118530559143,1.0501318114518685,0.947787457056095,1.0140073687135842,1.003732074098835,0.9319816507698103,0.8624142728956645,0.8291131500614045
6559.463091796072,1.0100674410383728,1.0293497517708372,0.8979220498303373,0.9890321966273707,1.024743377895376,0.9796710862850783,0.9407240454828055,0.8855012634745107
6559.480743499988,1.0785888230381508,0.8687265711996373,0.9602422608332443,1.0119341684481784,1.0445140818735423,0.9241553241210154,1.0869239782783184,1.035540836902376
6559.498395203905,0.9642880502147084,0.9007692414196897,0.9799745197155549,1.0719216154634632,1.1449850541458921,0.9499211025566068,0.9463676087436572,1.0969092941980143
6559.516046907821,0.8769336607248548,0.9165011533245013,0.9998939230827739,1.109980868789645,1.217501026445895,0.9768542205747381,0.8253773083577016,1.1116726459441937
6559.533698611737,1.0850588222720474,0.6286280035081682,1.0448950629231186,0.9666473044626983,1.0554371477862445,0.9647809915255132,1.0445954362966487,0.8580763565988052
6559.5513503156535,1.10659145423391,0.8788140600489157,1.0319763184895137,0.9838772450760968,1.0359453005426236,0.9657819881185782,0.9988196048545765,0.9080813465954415
6559.56900201957,1.0789154483472716,1.2344761724124576,1.0086403116248503,1.0264396913521474,1.0403554773616033,0.977277894756554,0.8996724553771166,1.0224557963232936
6559.586653723485,0.7881198428943118,1.0788888560891927,1.0941919568374885,0.8602911971678109,0.9597075499599408,1.1921740827890397,0.8446421365440018,1.0395664982523523
6559.604305427401,0.8089321679311816,0.982538516286153,1.0168419234699324,0.8818388076091784,0.9771712851747894,1.1042264235911712,0.8580049842980315,1.0077458081367332
6559.621957131318,0.9711471331085705,0.8736605785888768,0.8592641334537335,0.98560503636813,1.0425231664625574,0.8674776245303361,0.9057476922598873,0.9432479563610836
6559.639608835234,1.001577497126488,1.0682526905971934,0.8672875111903562,1.036832184889808,0.9249738415641306,1.1092281954641299,1.081236079643283,0.9739522133251488
6559.65726053915,1.0438634071932897,1.0541227354767244,0.957646739088746,1.038441015526169,0.9441081555462348,1.1247316397858718,1.1232010267424974,0.8690938264830229
6559.6749122430665,1.0833868531570061,0.8491733735210001,1.1613030740676944,0.9768861100618573,1.0813980855493173,0.9641507468124938,1.048584983648115,1.0
6559.692563946983,1.1999774133452314,1.0316493607930894,1.0781505774726092,1.1084091207234654,1.0850244533704416,1.0136326251826464,1.1102105919151715,1.0006448325230806
6559.710215650899,1.2028197285324884,1.1105528142164778,0.9855333589932849,1.1856177516471138,1.0683897287953914,0.9840638009360293,1.0930572480660559,1.102141445996792
6559.727867354815,1.0192974941216695,1.0463018456376594,0.8178723852453968,1.2107444282082163,1.0107181633567155,0.7944999179365768,0.9470971144146074,1.0
6559.745519058732,0.9167948486486293,1.035950427902452,0.9473931778133331,1.0784908880422923,0.9539352272670539,0.998352316208303,0.8872032791292133,0.9130876678167024
6559.763170762648,0.8682676163446172,1.0133704786225166,1.0612927047857006,0.990326298663443,0.905065497308837,1.136330051776753,0.881988621638578,1.0770900885136923
6559.780822466564,0.9846655272266215,0.9637197135427997,1.147122932716592,1.0259052313231876,0.8677301748160899,1.037175192009938,1.0675728295594427,1.0584295391817458
6559.79847417048,0.9996211511577325,0.8518488016564987,1.036447952103231,1.1344336520137412,0.8975023750182006,1.1481596265365883,0.9924601231644352,1.0743004250930503
6559.816125874397,1.006550856929479,0.7667631772260791,0.8949111431746766,1.2131333316380837,0.9301123869364738,1.232181132631249,0.9199034062193217,1.085116256364882
6559.833777578313,1.0301408275440256,0.9026434353338814,1.0,1.038861832284647,0.9217132958992335,1.0342579580330211,1.039019009309102,1.077275719477459
6559.851429282229,0.9784672729533468,0.887896008983385,0.8495305003077812,0.9815130113332946,0.9618151088340497,0.9650257508971767,1.022472329670263,1.0193140111787076
6559.8690809861455,0.9158406751981935,0.8569539507111007,1.1550376856755544,0.956234020439135,1.0107085733609011,0.9230889204646863,0.979338272533562,0.9479848524873005
6559.886732690062,1.0121003606488692,1.0986254004179832,0.9296830228016709,1.1934616234373112,1.0229507392641894,0.9585227974582151,0.9497708455422825,0.8927064384242238
6559.904384393978,1.0206852332134915,1.1070079694589559,0.9003425203366329,1.095241351144349,1.0293422766447164,1.0683722362636554,0.9735099221224197,0.8686205870495919
6559.922036097893,0.9954937790029752,1.0174940365161502,0.9320786431537514,0.8445711017167981,1.0308985312014602,1.2264451755260068,1.024820013518827,0.8607660770940703
6559.93968780181,1.0784045271897287,1.0222358893076013,0.885794151386801,0.9951643038428895,0.9977834317705712,1.0449015537158641,1.0047120021470035,0.8167271831699058
6559.957339505726,1.1015478969591272,1.0845359282587963,0.8923731144736333,0.9847300600519214,0.960120812492384,0.9997289202658055,1.043305146290357,0.9155110993835968
6559.974991209642,1.0818068699748586,1.2372930798161939,0.9402210230106884,0.8538994256144115,0.9046997221044382,1.0503086350012216,1.141116959138694,1.1561552553663572
6559.9926429135585,1.0899979893534932,0.8864654650981943,0.9582124308404937,0.9544063535779809,0.9875949743778668,0.9378678986655622,1.0320631964771936,1.0977809946217065
6560.010294617475,1.0652739388535875,0.8264415730402859,0.9817196774357312,1.0230024799102801,1.042717109945241,0.8963628915711991,0.9718761761263586,1.058169956478336
6560.027946321391,0.9925587697988513,1.2409973925943296,1.0217902050091419,1.0614647745527381,1.1035850839270336,0.9407854264912308,0.9635519186640681,1.0125671640646365
6560.045598025307,0.9259915857994234,0.8922447829129132,0.9876585828550855,1.1242421486030374,0.8629065491291064,1.0346170865246358,0.9756678669400194,1.0451521903059182
6560.063249729224,0.8841004996422475,0.7268025143352022,0.9314858414268481,1.132273509469864,1.0,1.0853013227201618,0.9922324534999928,1.1028178462704687
6560.08090143314,0.891813931583139,1.0895088816207845,0.809255363461099,1.0023120231018714,0.873068869682414,1.0131649500610416,1.0341052441026983,1.2603847269410862
6560.098553137056,0.9807394521753513,1.1378271683525807,0.75275217768252,0.871432923814289,0.8834557303712315,1.0351975917901206,0.9799140930097096,1.1824714095622704
6560.116204840972,1.0603577669131359,1.150081282395614,0.7439007461289456,0.766630338899704,0.8995454687147831,1.0529622794553324,0.9362991056687345,1.0787296317167339
6560.133856544889,1.0644873497732812,1.0737322477608964,0.9714772768348457,0.7595050386709803,1.0062517903240642,1.0143061658819739,0.9987361011528874,0.9340966383581628
6560.151508248805,1.0157565965207602,1.130085429798789,0.9865417627662977,0.9607481777010027,0.9726448660800135,1.0050836554113762,0.9802374084381594,0.9159754181495832
6560.169159952721,0.9603954095409887,1.1945083694349439,0.9583591984789089,1.1830778609254777,0.9179716511915338,1.0055105652643197,0.9575761401971565,0.9320911891537536
6560.1868116566375,0.987824639127304,1.0349309166255105,0.8228781337753748,1.033657422838069,0.942505105439719,1.0610256282258603,1.0715710479615914,1.0638811073172696
6560.204463360554,1.0905991295189659,0.9995097706154276,1.0116185559112953,1.057662544442851,0.9857810512341312,1.1282146666254709,1.0531681223227616,1.0008254455980063
6560.22211506447,1.2281617682217687,1.0010854332783676,1.3262062253236082,1.129683436691438,1.0416588412911896,1.202829747696409,0.9886325420464595,0.8653038268967154
6560.239766768386,0.7711011493877342,0.7535585120913529,0.9665854309991767,1.035323590770236,1.1017668477428344,0.9950554564054285,0.9851000656244986,0.9862944556422606
6560.257418472303,0.7849510152949561,0.7693451363385007,0.9063201536414675,0.8431866276482786,1.0842217894485127,0.9575968357474092,0.9737592963722804,1.0063066283469684
6560.275070176219,1.092794830430735,0.9643484886967962,1.005527016298767,1.0,1.0077133148050168,1.0145528012157654,0.9536272453864774,0.9671391413680833
6560.292721880135,1.2346927609645002,0.9462845294753477,1.037681242620211,1.035570137306634,1.014953749454975,1.0954994947918457,1.0938447726380562,1.09587531127046
6560.310373584051,1.1996086610243006,0.8833658195606076,1.1096895146068217,1.1556176666889586,1.0167522079755262,1.1202863828386764,1.0812454157900284,1.0984269947288727
6560.328025287968,0.9237681498736878,0.7332925150563518,1.2774668962559854,0.8356576721746132,1.0291334032378316,1.0883189720386466,0.8744585274714837,0.9274654937641956
6560.345676991883,0.830895136900303,0.7195511940833772,0.915196491513518,0.9595420223209763,0.9237277880182697,0.9871876726279356,0.9213166299903517,1.126358663532906
6560.363328695799,0.7730640492103811,0.8010718344527812,0.8076186253645683,1.0926851786703502,0.9022740838057963,0.9658227338036942,0.9614712488067897,1.2117086121950698
6560.380980399716,0.7834408206874786,1.123098355809727,1.2975939125523122,1.327779485314276,1.0980704606085587,1.1319388604403189,1.0018477127484073,1.0718647059722355
6560.398632103632,0.8466394142981436,1.1318080749378114,1.000541551831895,1.0631554854244403,0.8946756724797729,1.0544661669075133,1.0171241247895921,1.0149371581469795
6560.416283807548,0.8743042916958668,1.1159457941575572,0.7712543308216725,0.8657623865133238,0.7381069973315959,1.0091767370600742,0.9982144231668345,0.9713824177105532
6560.433935511464,0.7408581822770961,1.0610308149814853,0.9204228730471098,1.0047145989864816,0.7885831209684647,1.155309174518628,0.8240578987456004,0.9504354142202074
6560.451587215381,0.7532596116631732,1.044226955169321,0.971200237872709,1.0555772864509676,0.9633209229523594,1.0405440324810942,0.9073068119021652,1.0188910180493864
6560.469238919297,0.8018621709665116,1.0380171398817244,1.0184024207044187,1.0996725940726455,1.1225465254804348,0.9180868171963756,1.0012705901787917,1.092273918267908
6560.486890623213,0.9979220460886603,1.113233145074648,1.0874345184479672,1.1587147499047936,0.9848089213296933,1.0013202762067681,0.8910232610044478,1.1040922052847557
6560.5045423271295,1.0270195828027404,0.9582544620186961,1.0873048218734738,1.046372498308582,0.9617202730101682,0.9857956769679674,0.954071779636423,1.0781030393541249
6560.522194031046,1.0162975128362919,0.7569837707673452,1.0652291043186408,0.8941880555902214,0.958800273930112,0.9478681160704301,1.0525594631051642,1.0360854316279349
6560.539845734962,1.0840647568850263,1.0173943026251682,0.9929016221891066,0.9772428626059986,0.9491536145405455,0.8150979159996878,0.9663642650198769,0.9549048641065094
6560.557497438878,1.1004139856855728,1.0369519950594188,1.0057888784120743,1.1102851852082993,0.9997923387706997,0.9047552240159799,1.0332305526469598,0.937286003023501
6560.5751491427945,1.097948591495315,0.9626676176566463,1.0615848158619905,1.2941717336614835,1.0846734019087925,1.110221469165787,1.171502710454624,0.9518793073152224
6560.592800846711,0.9319238774092758,0.9386556968093366,0.9915717756278587,1.111444587767429,1.0377963022509142,0.9229124314235315,1.105708033180637,0.8407833254832239
6560.610452550627,0.9195368829550551,0.9415375159408224,1.009453445068111,1.0241607373561104,1.021457732620322,0.8891898442639063,1.035330900363668,0.8765627908851611
6560.628104254543,1.0236381618451333,0.9577537937098568,1.1130591933036067,0.9852204494878115,1.02654272605161,0.9547303453482606,0.9294014760280699,1.0448979525723114
6560.64575595846,1.1371059084156934,1.1674412377360346,0.9033690493599167,0.9553888676394621,0.933843765250457,0.9993201956978341,1.0228127970879595,0.9817251267908071
6560.663407662376,1.164746059728535,1.206146305106273,0.8845754811315819,0.9207244495593235,0.8895812649502283,1.0021517282590726,1.0607248807575242,0.9424321826595595
6560.681059366291,1.0769672670879786,0.9958721517629078,1.141132414336623,0.8574456231050194,0.8891808720907857,0.9375344597292392,1.0413163114327977,0.9135023228184791
6560.6987110702075,0.9545400880743444,1.0088216204066094,1.1498731360865473,1.007693992119336,1.059544085588103,0.9512719048320188,0.9812037608783792,0.937317311580356
6560.716362774124,0.9078982879922671,0.9617973465995047,1.0946061230521456,1.0828960434580375,1.0799129892778974,0.9653868517783735,0.9452094568486007,0.9557740206967175
6560.73401447804,1.0528085820604272,0.7003430704531228,0.8446263660832262,0.9622758377876255,1.0,0.9978468615759286,0.9660664984083638,0.9549244274127885
6560.751666181956,1.0905483516349967,0.965395959426794,0.9096698119900143,1.0166296596373456,0.8739527609273563,0.9113666047018816,0.9804526771632608,1.0032588386405648
6560.769317885873,1.0713235087793012,1.1619636584966901,1.000904894103047,1.035674978822814,1.0581200931524006,0.840261273713012,0.9724900725143287,1.0415193522775446
6560.786969589789,0.7900296931530397,0.9021403544894825,1.1512224662063395,0.8228691948838655,0.9653025626814116,0.8544969184687174,0.8390896710407192,1.0292251660664062
6560.804621293705,0.8723487009414004,0.8591554505014899,1.0510740175592783,0.9152494212916933,1.0132740819075363,0.919052831579217,0.9277316161658438,1.0007059499528657
6560.822272997621,0.982407578593289,0.8508467586161775,0.9444148875384552,1.037554135783223,1.0655801990581297,0.9877406410237509,1.0263163245771985,0.979410487262859
6560.839924701538,0.7953624568511222,0.9135593981341785,1.1836420300147041,1.0174353829931768,1.0286919563354622,0.9902339706786787,0.8882262596809851,1.0742258439723593
6560.857576405454,0.9515655757284743,0.9930547705906353,1.13397737835185,0.99158403829597,0.9565730816767989,1.0304496841991446,0.9279139028890361,1.0457221714058809
6560.87522810937,1.1892941227854934,1.0765794996869946,1.0078388866741343,0.9589889982483084,0.8723727190550844,1.076923869534249,1.0111900051046383,0.9842284958748813
6560.8928798132865,0.962543853391276,0.9838055107286621,0.8924656272161977,0.9844647215433324,0.8873325741662144,1.0364140910104873,1.02375317576808,0.9443331778721836
6560.910531517203,0.9182830544050238,1.0175351224773033,0.925739523041374,1.0178982085391621,0.9513618013752474,1.1144202063530533,1.0344808353013133,1.0343469399636616
6560.928183221119,0.9447471167584299,1.1158990587060464,1.0425226161646777,1.0622690351008668,1.0548285460043225,1.2583435141321815,1.0401778408247795,1.2061412930112436
6560.945834925035,0.7380348596069045,0.8574646507455395,1.0729986588449882,1.0279897792598895,0.9294428886879529,1.0763945470681506,1.0172599573586487,0.9893071162613949
6560.963486628952,0.7908532435726137,0.7656314752133793,0.994725673885929,0.9602672212618063,0.913673842027406,0.9489323881577115,1.0610652195059516,0.9016602507844966
6560.981138332868,1.0676896133084133,0.7760713491965374,0.7833217638458838,0.830627633787882,0.9735792595150443,0.8217004229815309,1.1672629973042943,0.8931440864327757
6560.998790036784,1.1439869482356455,0.9664926059845107,0.9950531470188507,1.0619118924983886,1.0433357585733647,0.9457092098704328,1.2029300588699163,0.8731583908037326
6561.0164417407,1.0880339929961764,1.0344499615524234,1.1592889422666683,1.1629966525403592,1.0385697196417807,1.0214610111816933,1.140980173471779,0.8967571108272633
6561.034093444617,0.7698680294395325,0.9384951760167409,1.3340812122166996,1.119084437251374,0.9133962109262324,1.0723477346956833,0.9019598547451123,0.9968538694558721
6561.051745148533,1.0361608398498854,0.919300263687745,1.120215191722786,1.0029747448006154,0.948503521527607,0.9146253437483736,0.9805733017913045,0.9570642083363772
6561.069396852449,1.197485804616063,0.930778309434555,0.9737252469902431,0.9385347260491835,0.999211540858282,0.8865686442572689,1.045250974397447,0.9622752760771454
6561.087048556365,1.1477192137738126,1.040889094317106,0.956634848154347,0.9791206436127219,1.1206972359978198,1.2249617047657066,1.1145074377106527,1.0806408037290314
6561.104700260281,0.9733633234942832,0.9226387001600584,1.0629425158447778,1.0817359788051129,0.9880544024788929,0.9657702835743263,0.9422218152574927,1.115528137933328
6561.122351964197,0.8425471891273161,0.8714809098587147,1.1337730847225433,1.1440596644190437,0.897634489167837,0.7809162223537578,0.8244758074731512,1.0958139165349576
6561.140003668113,0.9154043382998349,1.1927776160711425,1.0209269568844552,1.0268363389258783,1.0681129215744696,1.0407208625601607,0.9756630160534805,0.829834624257794
6561.15765537203,0.9536223533853666,1.0681866399312812,1.0034143610117283,0.9774352458980452,0.9352254969176399,1.0078220661047461,1.0471229306055647,0.9340386497588743
6561.175307075946,0.9937511086488341,0.9065803611780279,1.0041757617733007,0.9569016633018262,0.8181228126555482,0.9583134706092133,1.1115369048351846,1.0816080153153222
6561.192958779862,1.066819622356566,0.8919329960133056,1.0699652149349808,1.120049476516054,1.1672643157866953,1.0392154206502902,1.202409434769197,1.2021662693003865
6561.2106104837785,1.0067854598641224,1.0247052358882691,1.0575679126527207,1.109870911000201,1.0519145369279765,1.061967397491281,1.0704125838805927,1.0707687099862742
6561.228262187695,0.914181974477192,1.1917673988723014,1.0349671782665877,1.0583002887005464,0.8500341051109213,1.0704995947412417,0.8935635465261506,0.8814518358936807
6561.245913891611,0.8957613478899855,1.0441762880412124,1.225565773940883,1.0239654930365687,1.1943411835310376,1.006151758460316,1.0953361810029267,1.0141194001111833
6561.263565595527,0.949179961746813,1.08459303058691,1.1367531892947838,0.9471990043735169,1.1087306309879335,1.0486579933898237,1.0458090142414964,1.0199187064580109
6561.281217299444,1.0432176693589994,1.1974265692664519,0.9276346510183413,0.8492285192977561,0.8515808886001373,1.139185615883064,0.899627875353381,0.9857444720766635
6561.29886900336,0.9147562518329064,0.8243257306474051,0.7180819004048848,0.8860983197164423,0.8894152386340292,0.791652720056069,1.018198327551111,0.9987209468190766
6561.316520707276,0.8800088256653514,0.8805030065183659,0.8049733716886149,0.981047329912416,0.8868163006591939,0.7992475080616089,1.088334835979842,0.985599942741949
6561.334172411192,0.8921203828618831,1.2579951381287027,1.133256741270483,1.1467565394220813,0.869262057196312,1.0541725644238302,1.1534721730992195,0.9489829373257692
6561.351824115109,0.983258599762232,0.8913491238063355,1.0964353522748878,1.026253364090259,0.9536106397671692,0.9354483303103651,1.0299281039501804,1.0514165793153076
6561.369475819025,1.0549007286115724,0.8639069836600147,1.0211420996920784,0.9815194431143018,1.0607428470850488,0.8879315350880451,0.9922557680583192,1.056488438972258
6561.387127522941,1.118782764283734,1.2275606191444681,0.8525391158640367,0.9965396658461323,1.2220178508614157,0.8716660160513593,1.0464556094721114,0.9531794297130096
6561.4047792268575,1.1343665763139708,1.0211264054288542,0.8911550091307869,1.080173388286881,1.2123929626630758,1.1067596275195835,1.0142907739423401,0.9204781662633112
6561.422430930773,1.0762460087896963,0.9276747925414283,0.9245398866275473,1.0441546063394844,1.1454587161418301,1.2142176719354545,0.9568038958018421,0.8825109543016347
6561.440082634689,0.8453116469372781,1.0182253512372998,0.9647579304565137,0.7288443325799483,0.9403405216977889,1.0855970690538148,0.8170172247553438,0.8108126612364938
6561.457734338605,0.8880604810919529,1.072836249773394,0.9455455117120947,0.9540789918754711,0.9314282242559853,1.1481539731422092,0.9484090607031667,0.9499780742113678
6561.475386042522,0.9829197917194298,1.1001944038175808,0.9535136831747429,1.0987686389120968,0.9734147647127275,1.1492031441480082,1.0049309288830013,1.033560439741108
6561.493037746438,1.2661020643160712,1.0669199692605384,1.0574384655849645,0.9712820693109679,1.1682739437900753,0.9240452237731646,0.7855158009580956,0.9254640921970376
6561.510689450354,1.143316628834563,0.9308917539022293,1.0715784336456,0.867828518250009,1.1906107332917408,0.9787818765697458,0.8575076387374239,0.9273271499583691
6561.5283411542705,0.9950502231743574,0.8314838762774451,1.0733681731527664,0.8021117914930309,1.2091226343288464,1.0509916368327465,0.9425484848045732,0.9583329195423209
6561.545992858187,0.8991765477284253,0.9684710590151411,1.0685821733387473,0.9325981910019536,1.0,1.0981921900829288,0.9807672022112616,1.1231142578390094
6561.563644562103,0.8981569791197127,1.051759332601921,0.9803250352714952,1.0020517736190875,1.268561202071714,1.0772797920940356,0.9407374991084132,1.073673090850002
6561.581296266019,0.9344356741877244,1.1166798368332242,0.9073951029661852,1.0569543825734946,1.2049749155652016,1.0307432434116062,0.8902351815368144,0.9943463232976439
6561.598947969936,1.1538616195303217,1.0176499581948677,1.1742598921069198,1.0154790201120305,1.1116902843132657,0.8269098273758217,0.8905918127453272,0.953634852674429
6561.616599673852,1.1058536390497076,1.054947888107866,1.1832297875685682,1.0655544516416706,1.1926813320939362,0.9798138903476772,0.9653021922247923,1.203008486825859
6561.634251377768,0.9832236589354293,1.1249108132512748,1.1189646411517593,1.1378628396785484,1.3269026182868175,1.2332906494928666,1.065362441024664,1.533250781140605
6561.651903081684,1.092509284192503,1.0255370009718723,0.9572532552314381,1.1133524465663434,1.3128249617017849,1.1181696812578044,1.091375795399819,1.243940206694249
6561.669554785601,1.1082021330141048,1.0205962904734147,1.0465910994536696,1.0371539633562084,1.3202188015837502,1.044405015650678,1.061479081037348,1.0876255722242512
6561.687206489517,1.0889604897561775,1.0578383106583698,1.273669011321419,0.9241548855272125,1.3287437775425506,0.965690030567773,0.9955824986074355,0.9543922055084219
6561.704858193433,1.0900882515045958,0.9447669654330092,0.941230264618337,0.9118238536647991,1.381169618847066,0.9746853242511667,0.959204527862518,1.0511593951077343
6561.7225098973495,1.0465728036583837,0.853926404908912,0.8057239871017159,0.9269041028980023,1.3417335379035122,0.9990036472767108,1.0093620952438496,1.0068497138076808
6561.740161601266,0.9540936336725948,0.7416892370714729,0.7609081369774143,0.9763157793104797,1.2288079962792662,1.0467469085777483,1.146864066620377,0.8429326920607504
6561.757813305182,1.0903302301089195,1.072076378534393,1.104013140103925,0.9483528267835324,1.1426621708361946,1.0386264825193587,1.0354092312778436,1.104374925832913
6561.775465009098,1.1161339360288787,1.2078118170673529,1.241062764521453,0.9874270701972481,1.1474719580783872,1.0395679851701962,0.9981991744823935,1.144822557165294
6561.793116713015,1.0206421501584928,1.1696211815785256,1.1651773151406455,1.1174943397569448,1.282150280556893,1.0600147140547527,1.0480709862956876,0.9156918671953845
6561.810768416931,0.9421782666907179,0.7988014778399006,1.0126255384709104,1.1081723032390471,1.2207205821175775,0.9354762566233525,0.9269540581270137,1.0026298677170717
6561.828420120847,0.9786367421507414,0.7198199343367856,0.9851099767044252,1.0908516031883275,1.2564280814751756,0.9068219087211198,0.8845206857481273,1.053192969529717
6561.8460718247625,1.2859343636068898,1.2530369231535867,1.2465628919634,1.0558934062023524,1.5085625745630207,1.0681894749186875,1.015265461574036,1.057401150444465
6561.863723528679,1.1336594022514515,1.0907180188672123,1.0014250728644314,1.0094177299829035,1.4118327285939654,1.0602216912249554,0.8474963791418773,0.9762596115289094
6561.881375232595,0.9940218146049387,0.9431500021833481,0.8411821698648422,0.9549104736365597,1.3206525786242258,1.0553394535241833,0.7814083136723882,0.9538886516431119
6561.899026936511,0.9054031303761334,0.8276256517107428,0.9655266635714469,0.8295219946663153,1.2529004513321929,1.1024925831840318,1.078744428508391,1.1506066647853592
6561.916678640428,0.93721900349129,1.1328000432094143,1.040793187673211,1.0160321664810774,1.3052774044581787,0.9409639374226928,0.9782840559967497,1.0324809852127705
6561.934330344344,1.029922674408205,1.3867172602575675,1.1032292676311155,1.221660687068508,1.3846188516457147,0.8059077411668434,0.9060946565715603,0.9349755100560141
6561.95198204826,1.4214850431907153,1.2160592629716633,1.1085836578503152,1.4377133180347208,1.5630127747053284,0.8556023106075245,1.1555626473846368,1.087116200216176
6561.969633752176,1.2729547657299316,1.0693483996640092,1.1148438464868775,1.2776498248716335,1.5248415724492927,1.01610261116588,1.12750578514543,1.0449470795041707
6561.987285456093,1.059912601063959,0.9271278641475897,1.1117404828764965,1.0859428109028786,1.4428230404013782,1.1697170447363738,1.0549089095425963,0.9929855956806155
6562.004937160009,1.1011025394922573,0.9029973775804554,1.034323523137608,1.2405466364620248,1.277071881666067,1.0338751846071201,0.9730854664525428,1.1084334916434835
6562.022588863925,1.0928224837027767,0.8495435256540018,1.0565140790018006,1.2742637126428238,1.3716925239808258,1.0322207471717322,0.9108642616596643,1.1604774034594532
6562.0402405678415,1.0760597392045312,0.7995697452543438,1.098587348243476,1.2835732781311222,1.5379575782112775,1.0572881318089489,0.864473934498888,1.193851916704797
6562.057892271758,0.9218844851488301,0.8465084765264322,0.9504597142418926,1.201253173317094,1.6104023362649857,1.071684298376138,1.035344304208336,1.098987492914632
6562.075543975674,1.0332090337850088,1.0014431233448766,1.0306464514921951,1.2965436726889046,1.5909907251635456,1.0726330336295513,1.0731687046450435,1.0312471664411424
6562.09319567959,1.2634191311898033,1.2158777615695961,1.2088455842495391,1.4712348384349614,1.5227587584047677,1.0669954424346266,1.062644200456438,0.96711618305323
6562.110847383507,1.1507722477716813,1.3083563528296567,1.1334539386978073,1.27947112095788,1.2813286328905726,1.0226397838818995,1.0174724212388504,0.9562792934422986
6562.128499087423,1.1020960870587784,1.1704196024134685,1.1039972746020668,1.3259985926839712,1.3881313245396663,1.0692218045131634,1.0606031442868138,0.9465812986430704
6562.146150791339,1.0708454630059823,0.8359255831550929,1.0928535937294646,1.5275141943114436,1.7481214633504198,1.1901953603969457,1.1718839201171605,0.9370834792452413
6562.163802495255,1.0861823141020408,1.0381653478859383,0.9621033843033899,1.3775951809473617,1.5788687244743211,0.9805721699328994,1.0633463910151875,1.0449733472723153
6562.181454199171,1.0329618156682339,1.1045107059832564,0.9322183670815137,1.3135895358327774,1.513107354052305,0.9445139579558345,1.0148022585775125,1.0750766767049091
6562.199105903087,0.8873063441618021,1.0595195478269512,1.000861537539804,1.303945098477912,1.517533193983724,1.0769147797943022,1.0130096074950856,1.0452263398856374
6562.216757607003,1.0765489648551465,1.226447229043142,1.0274224204765716,1.3486579553414824,1.434729170344465,0.978429589213144,0.9622247348376585,0.8655816822412141
6562.23440931092,1.1210651032710521,1.1827973895865151,0.9832514873302507,1.4502020096802757,1.4536415479498037,0.9112212438926978,0.9587196497594399,0.8669038834199051
6562.252061014836,0.9413770487945468,0.7491226181524702,0.7907334380119486,1.698013887826201,1.6371067867909472,0.8529936194134697,1.033630408351519,1.1557737294862567
6562.269712718752,1.0318443350569229,1.1124843905727582,0.9526687191572594,1.435734546007029,1.6743447904736009,1.0161495849030515,1.0164357484797593,1.2016055747108327
6562.287364422668,1.0731562433842008,1.2586190868769047,1.0885533445784696,1.293623899469862,1.6589507849461058,1.0898849670495763,0.9948078245975878,1.2372808166096292
6562.305016126585,0.9907146425031954,0.8536800982672301,1.210882453184832,1.4200942984312013,1.5025302912964111,0.9403157108517789,0.9470234124335041,1.2706168900888304
6562.322667830501,1.035320330565402,1.0326929385071424,1.0080753081963383,1.4758338703852405,1.5506144049100672,1.0221161526115743,1.01376845589211,1.1637232459255635
6562.340319534417,1.0684741663190582,1.140877442408583,0.8909539533223684,1.52794366556245,1.5903793635602899,1.1046934423059023,1.0886002605745568,1.0996027698840654
6562.357971238333,1.0474103577595604,0.8936582152189261,1.1624897172557263,1.5862571644791768,1.565500882194883,1.1858395490124372,1.1845970280278781,1.2427585271345953
6562.37562294225,1.0085640632759811,0.8992391468440741,1.0691196449609721,1.5481557414700815,1.5873246231380729,1.0713990528371626,1.192709149624892,1.0976523138439598
6562.393274646166,1.0062939143452116,0.9273548461480393,1.0063897192295344,1.5373550870973167,1.5869612553387409,0.9900526180994467,1.1695331975966583,0.9681197941288129
6562.410926350082,1.2592865066101564,0.966779004188626,1.3442789044822194,1.774847692250948,1.4233909806078962,1.2613745848751048,1.0160585553898585,1.0766216325581248
6562.4285780539985,1.1725311206767788,0.8709893708232221,1.319477199018509,1.6977637559072265,1.4524171401483714,1.1170099744366238,1.0329452590090045,1.1629949722331352
6562.446229757915,1.0435372382907036,0.7869669214951578,1.246862397858019,1.5875720278566705,1.5007653675634205,0.9342477266231775,1.0890053604239773,1.258920233052351
6562.463881461831,1.1438148369528391,1.1431055955571043,1.3642050824112486,1.7550064546597683,1.3968282987966187,1.1067900654219704,1.267928678142757,1.4581501278672437
6562.481533165747,1.0242528130968798,0.9788243943080924,1.2264468008098768,1.6154348315874156,1.372065333928524,1.088227957668182,1.0996043794819437,1.3464775047526338
6562.499184869664,0.8585475547445142,0.6938735328099301,1.0308057580632728,1.4113440448510657,1.364371929661479,1.0297013374402375,0.846514400594221,1.1477635801678157
6562.51683657358,1.0374625506101145,1.055694076363556,1.2339884857903747,1.700559999488144,1.303613066432847,1.0482908814508431,1.0643781520412252,1.1810319369124525
6562.534488277496,1.0015966005854409,1.1216367116824817,1.2066285652549904,1.7897657847225834,1.366089362340032,1.1669685899802178,1.1797130088877679,1.1828007867880128
6562.552139981412,0.8846258260280873,1.0866365324034575,1.0936895444171952,1.815145456994355,1.4847003365940616,1.3381245793111884,1.2765371431473804,1.1837973567756945
6562.569791685329,0.9958029009382398,0.8136714996242351,1.233534954398566,1.8651972603055127,1.3650088262472921,1.2452979871351801,1.1645966047543923,1.006497059419229
6562.587443389244,0.9800307077395185,0.9762211321043461,1.2432529843034446,1.7578577420535269,1.336534493157281,1.1556017716635805,1.0739365878374572,1.0995751566268175
6562.60509509316,0.884308369751825,1.4462701851553155,1.1838870595353665,1.5298409003419722,1.3644085250543716,1.0452142088991343,0.9770823523356923,1.377538473181486
6562.622746797077,1.0385590214913696,1.198629937093075,1.0726965664020927,1.6243398431866982,1.0502016442450064,0.9671348112663259,0.9421525377704675,1.3068844437342149
6562.640398500993,1.1081897880909595,1.0562853484320038,1.0956745343414132,1.7186255032951778,1.0065187806453348,1.0211595762445251,0.9812098829951706,1.3181461895889153
6562.658050204909,1.1295317309744772,0.9362448416402743,1.2576225123816194,1.8609716913928458,1.2041506313887316,1.2303301337773749,1.1095498663652508,1.3952598945251757
6562.675701908825,0.9481968486924971,1.1235725861249029,1.1992749350791332,1.6856279976992297,1.2867663178240076,1.0648710919040805,1.0555963841634248,1.2812409756737813
6562.693353612742,0.9542008947179093,1.249983497726233,1.236591975875378,1.6417253114668486,1.24614988245588,1.035688126563676,1.0583907414801113,1.28490171134799
6562.711005316658,1.2499109961255317,1.3510316496947692,1.4322713590144882,1.764089633914505,1.0034083727404814,1.202165389963772,1.1355930977851927,1.4823570991718713
6562.728657020574,1.0301524545802614,1.0928345548282117,1.2091002412605394,1.7713525621431296,1.0454208746502531,0.976064857256572,1.1152796755618861,1.2002081366515331
6562.7463087244905,0.9369471427152717,1.0475991371302766,1.1004575515719726,1.7967430031632023,1.1264825788604922,0.9011383557800782,1.1108920592949918,1.098586224699036
6562.763960428407,1.0946746370713332,1.4523413488768933,1.2294155069465882,1.87379538055665,1.3049193792926608,1.1162863842923585,1.1404851262506184,1.3508370379490198
6562.781612132323,1.0552603463244112,1.4312617980064968,1.1045940491451767,1.7941535505196848,1.3659008230177432,1.2060615386637379,1.1231394230551348,1.4218661067280947
6562.799263836239,1.0191111527252055,1.345153660148893,1.0156686452319175,1.7487293851341987,1.3611389583372453,1.214826806858257,1.0999069516216875,1.4193604402893303
6562.816915540156,0.9991255555297174,1.0531413825916258,1.0444073566834984,1.8341127416155514,1.1701058260403994,0.9748378951709643,1.0497919958860624,1.181347232753666
6562.834567244072,1.0227382588244973,1.1996555559890842,1.0352654094200613,1.7264791875493684,1.1355095679536062,1.028110537998553,1.1057804661951445,1.2905801636376641
6562.852218947988,1.0218915005012719,1.3142640551393834,1.0464593390280648,1.6476453092734429,1.0954200991323413,1.0752132055133767,1.1353309981004311,1.3892719357318988
6562.869870651904,0.879989059505606,1.1292699693181847,1.166910391711021,1.7764025532670147,0.9662179122231502,0.988919401126234,1.0049268411455319,1.3372291378883225
6562.887522355821,0.9376393134824198,1.1826740195974896,1.1233687775758325,1.6542001015815773,0.9881922426630106,1.0689688769588923,1.0207610196603183,1.321951300201168
6562.905174059737,1.0002132576904572,1.2477585596370797,1.07927047599451,1.5349911539271828,1.0545748287327643,1.1571907849720757,1.0775704766338183,1.3080970107059375
6562.922825763652,0.9090845816112121,1.200953521528215,1.2043526232339767,1.6298842509960894,1.2934797096967476,1.1694808986614271,1.3020717516924052,1.2946888838537471
6562.940477467569,0.9311425419100156,1.1778952709070776,1.1149155068577066,1.7361841601139245,1.2858913766167706,1.1361469228780923,1.288028799969824,1.2585878124027514
6562.958129171485,0.9731024930135207,1.1640405648026293,1.0026941985560027,1.8255326864609345,1.2231789513255629,1.0974924823523857,1.2332383583908955,1.2406414254894456
6562.975780875401,1.0032832824593132,1.2506140031136599,1.1460558790611697,1.617941976810553,1.1306292662651638,1.1879293758999179,1.3281604815846442,1.5443664029162043
6562.993432579317,0.996078262452368,1.1965906179697667,1.164564932063105,1.5148127994590679,1.1197225874246717,1.0477048247089293,1.1872493039264032,1.3605894958559202
6563.011084283234,0.9717626234890682,1.11277145534354,1.1505152416404125,1.4376485615017556,1.1274424504534413,0.8437833579482759,0.9851418729482695,1.0439908162667983
6563.02873598715,0.830494462695642,1.3927410867738212,1.0741215571428813,1.5115925199604825,0.909417443431594,0.8525320942517632,1.143584441921386,1.2652747766074384
6563.046387691066,0.9087731311426247,1.495044538559923,1.1188281918459135,1.4244391904812728,0.9825550002279348,0.9592113602866686,1.1236731657321972,1.3803911755756788
6563.0640393949825,1.0871811492814794,1.5344182172354768,1.2185679796060749,1.2685393911976868,1.183752607492655,1.1271642818953824,1.0397051058847144,1.4776818650755341
6563.081691098899,0.9942388205976133,1.1455344109837136,1.3295869044240745,1.413160893749969,1.1837614121494828,1.0031003869066968,0.9710742177177829,1.5825122208438516
6563.099342802815,1.0801649332767485,1.0323889171937752,1.2849200473198403,1.5363329007519262,1.127870444750965,1.0463423082434626,1.0271457197437868,1.486090375980038
6563.116994506731,1.283447229558172,1.0655760172600612,1.1332994982033409,1.6779079287091556,1.0188233061246057,1.1874269408512281,1.1772760744422441,1.2475700880680292
6563.134646210648,1.0383065030424254,1.2472575446070944,1.0979849111223028,1.565706632316251,0.9755874930744037,1.1014475456675807,1.0339433251223025,1.1864983861254954
6563.152297914564,0.8673912161480192,1.1501116405820333,1.052194074142738,1.4218177661784264,0.9324028497304533,1.0400861624156177,0.9564499996032645,1.1682075075162381
6563.16994961848,0.6855373474862436,0.7682192640758189,0.98613680370589,1.1996730218592377,0.8809418784839952,0.9694484837845475,0.9086535974671224,1.1931645683339722
6563.187601322396,1.1813711072078217,1.0936249254729422,1.2064979871977897,1.4421196611662306,1.024732561523489,1.11582570167309,0.975149569020137,1.363534397486303
6563.205253026313,1.280771931549001,1.1461478689252274,1.2712945616142473,1.3854529880333644,1.081020101299472,1.1822488201140622,0.9578241875484407,1.3397701382584581
6563.222904730229,0.8950598448037266,0.8790680029695621,1.162453694713752,0.931666763226157,1.0363829607956352,1.183318700444196,0.8227122352000382,1.048886593227704
6563.240556434145,1.0586695661308512,0.9510529387102447,1.1132507737888397,1.1605941476899786,1.0928687803967614,1.018401587824946,0.9507856778395121,1.2041999607273697
6563.2582081380615,1.1025416833133566,1.011870192252955,1.0027785023912523,1.2832534601717005,1.1123802544571915,0.917299442224002,1.019668758802506,1.1995406298339257
6563.275859841978,0.9446263176221525,1.079498201919957,0.7321348917546151,1.267249563756989,1.0833909985799308,0.9060678699032503,1.0164082642717234,0.8914098502483735
6563.293511545894,1.0240966312385913,1.0527535369836805,0.979554168413307,1.1840758142339345,0.9764502983654078,0.9405201298471317,0.8940755238923088,1.0759739655720653
6563.31116324981,1.0228155119555649,0.9954960803015884,1.1153331407995615,1.1446656868628962,0.923299079034916,0.9533363735568321,0.8254078636097973,1.2025058577067498
6563.328814953727,0.7779959781414926,0.7971431412895148,0.9735436688011208,1.2085872439926568,1.0072975129754196,0.8886228742388005,0.869401860605091,1.2006786282534372
6563.346466657642,0.9852447533940591,1.1960967931697188,0.9778977818332536,1.246555827946465,0.9628543096574398,1.0473674816493423,0.9733828936735278,1.1184074268212496
6563.364118361558,1.1393810264906836,1.364631337116578,0.9883865249535051,1.2340064267022257,0.9214925599337529,1.1405835170644616,1.0375370472184577,1.0916266387744507
6563.3817700654745,1.0701852295581338,0.6007079789627172,0.9709823038101342,1.0510316120296281,0.8877758241473601,0.975266074940488,0.9485385395562826,1.2930233751688731
6563.399421769391,0.9993120887834932,0.805219421963159,1.162742447937109,1.0008274659397363,0.9810974914456955,1.0286626368779643,1.007339808660022,1.2025898959488819
6563.417073473307,0.9166945122476464,1.0327274948433387,1.2943938095574161,0.9903148197178975,1.034601355258771,1.0635138568624751,1.0548202439316412,1.1006497408339642
6563.434725177223,0.7566972143405815,0.9951868771801536,1.0527838396514695,1.1248299996218716,0.8343536912328156,0.9306097358855003,1.0054464419993352,1.0329667368196889
6563.45237688114,0.8857243563795689,0.9102381369874063,1.0055780022649028,1.0909667546070871,0.8322198865971167,0.8955763965634082,0.9326312928032584,1.1639135325682148
6563.470028585056,1.0231196300783985,0.8832899409650667,0.9897677623980204,1.0460974888061614,0.8633894758516298,0.8882039884377187,0.8891605701006426,1.2788970515895342
6563.487680288972,0.9001359463573253,1.4070175567676202,1.0059914040550275,1.0862856643819623,0.9438485755635074,0.9784125124240546,1.1114361221610614,1.0290926848248334
6563.505331992888,0.922700776193616,1.312062837350695,1.1531071684356096,1.0997188461919807,0.9692097370259112,1.0412762739191088,1.0416125844198358,1.1018954076493641
6563.522983696805,0.9549591070777006,1.112269827825612,1.2944845856770328,1.1126212237127742,0.9865904956593033,1.0942852084448649,0.9344811018293449,1.2247460390968161
6563.540635400721,0.7838786854899011,1.2227753285679308,1.008868517454637,1.1817726848583772,1.035676598047085,1.0739660591009876,1.0821054553178808,1.2043189110472454
6563.558287104637,0.8944799645362942,1.0679882723235177,0.9711364691591008,1.088071860516938,1.0797540918517898,1.0797483272801065,1.0788793694286956,1.1517528208241008
6563.5759388085535,1.0797222596763445,0.8538952514715961,0.9960806978975842,0.9532505025215126,1.1193583607943853,1.088742611094278,1.0359031376009362,1.0888626564150723
6563.59359051247,1.0782180058859783,0.9561217391004723,1.0655088741106025,1.0422697062492259,1.0937625535903068,1.0673293810981415,0.9700493587545367,1.1712436588777377
6563.611242216386,0.998710775271822,1.0203282719314024,0.9376608989333849,1.0534299739083843,1.013263110923781,1.062680092287626,0.9138462553212519,1.2178330600619978
6563.628893920302,0.8758550762460513,1.0837583939339368,0.7286713281776971,1.0423504480208419,0.9068065914746478,1.0637291378990055,0.8621396483859891,1.2541295395649712
6563.646545624219,0.9833769949149442,0.8890259803451221,0.9107107535200315,0.9455782709681426,1.0473055570778755,1.05820201710976,0.9755611488268817,1.0159996481808249
6563.664197328135,0.9927190543546963,0.8811373890864952,0.9214078287861664,1.0508419830594249,1.0611600380191457,1.0996705566016485,1.0484169448701883,0.9739847351457411
6563.68184903205,0.958095830563028,0.9659879802246205,0.853069993536411,1.2796450516492774,1.0163938998028093,1.1716232855049837,1.1130420896952977,1.0284596527884136
6563.6995007359665,1.0023719649869607,1.0169852031589646,1.0252532317078242,0.9739855865117563,1.06487920738076,1.0654036250601078,0.990213822489304,1.083190664422747
6563.717152439883,1.134007103195884,1.0517347850056675,1.0835649151998674,0.8515506940995142,1.0482721942824345,1.060471089707285,1.0026823896697723,0.9992553691344885
6563.734804143799,1.3681469966529416,1.0730513802608084,1.071844659521681,0.8251761294454827,0.9824158583705174,1.1249261337117562,1.1054864944257619,0.7879861931809761
6563.752455847715,0.9696820189140979,1.0929530151187412,1.0825128705921385,0.8427206711985832,1.0582235825519777,1.061391440722185,1.1925823405175433,1.0554453332151787
6563.770107551632,0.8322706564226208,1.1246457811383619,1.0329301786243357,0.9699863025193433,1.012434694716928,1.0334202571101099,1.1416288238113534,1.1141436470510633
6563.787759255548,0.9081199604494312,1.1885679839935082,0.9096310951009636,1.2486210640651476,0.8382189262119719,1.0383459139967564,0.9343677927537692,0.9834039788342143
6563.805410959464,0.9202911158689364,0.9407153384409898,0.9813938232060851,1.0196131986357686,0.9179591489081274,0.9312161316946206,0.9934920779035936,1.1136534834329854
6563.82306266338,0.9818677438943508,0.9079578498618532,0.9994370945407166,0.9221099716631703,0.952923941826245,0.9200528041524453,1.0404152720390183,1.1296031129008066
6563.840714367297,1.1347831396462886,1.1737765377024574,0.9547000167411679,0.9759926665696155,0.9521217717590933,1.0448232146214533,1.0988252063379262,1.0143350695045206
6563.858366071213,0.9667714562434522,0.9743153208738491,0.9694315406562485,0.8384956287297936,0.88308347230439,0.9255175768280521,1.0574045276877317,0.8817959198650566
6563.876017775129,0.9264434910754371,0.8932553627346854,1.0100523967500865,0.7909931228068894,0.8874783182480561,0.9164794773132132,0.9939542208675297,0.8450433755925758
6563.8936694790455,1.1231017457571362,1.0031547646225187,1.1424644099087595,0.884899039944333,1.0272249176992223,1.1379572955111195,0.8607740528555994,0.979418461240685
6563.911321182962,0.9567215062902237,0.9803211307026399,0.8353893068238554,0.9719420625351268,1.0037435853449626,0.7895205219960783,0.9921915549865226,0.9641248240431722
6563.928972886878,0.8575171627570994,1.022256060990197,0.7199871383105345,1.02295106144755,0.9862992247028952,0.6698859248373695,1.0527785629031738,0.9942407234234699
6563.946624590794,0.8835874801776954,1.23544230001224,1.066247310942456,0.9883603310182897,0.9774264794582339,1.0821804069327463,0.9483403307042738,1.1592993676516803
6563.9642762947105,1.0581322755889804,1.2072992714434894,0.9927481630679414,1.0435492727896825,1.0210208574430866,1.1029748659714034,0.962181203496038,1.0329618204293072
6563.981927998627,1.1763244383781835,1.132255455218091,0.9432482913844521,1.0541961623145002,1.0243091049406496,1.0683332271561479,0.9530082913532655,0.944861010353952
6563.999579702543,1.1202621506744217,0.9044600077745768,1.006913869499712,0.9070018342638766,0.8699347046225766,0.8853054091403276,0.847444128483354,0.9737467303310817
6564.017231406459,1.1001176668002313,1.0372586329678837,1.0062823889991312,0.9752546108504341,1.02583058850121,0.9342158327970925,0.9161191633820364,1.1305155797466586
6564.034883110376,1.0663639223222343,1.1341126996777913,0.9984523995397997,1.018040894359509,1.1398149888646425,0.9965739921539484,0.9683525219692546,1.211438192491859
6564.052534814292,0.9706589921860068,1.0067117418342053,0.948522475807728,0.8699876779735005,0.9985683498984196,1.062803256057004,0.902404724884218,0.9407247165507255
6564.070186518208,0.9557066934292603,0.8784263031335793,1.0975086398386753,1.0335506223332056,1.0410337995507066,1.0242582268306435,0.9339330529299795,0.9495428296709565
6564.0878382221235,0.9696294678293463,0.7710493608154942,1.213968623020857,1.1599790639118714,1.0874174163395098,0.9881837299374002,0.9709024377188189,0.9806210370595446
6564.10548992604,1.0923859898730197,0.806032208239726,1.0529053698987092,0.9086816971730352,1.0718548098795517,1.0439334801834712,0.9889854137508034,0.9725408498306846
6564.123141629956,1.1003768462664856,0.6958006405071693,0.9578825390791149,0.8853478079882035,1.0352742049977115,0.9866697537065815,0.9862811670276377,1.015467751771185
6564.140793333872,1.0801565354942704,0.6232717355292188,0.876286503958481,0.8966670581781931,0.991904872285496,0.9219686448084172,0.9896041146020229,1.0405619406924953
6564.158445037789,0.9914590617650572,0.9550520414155793,0.8433830386297326,0.939887478058547,0.9136762155330687,0.8964493783822932,1.0939230837296652,0.8655089480993253
6564.176096741705,0.9348280661728242,1.1603733389047146,0.893563607260573,0.9358372531978452,1.0009416079756146,1.0373938966385827,0.9977087792581776,0.8850955936539905
6564.193748445621,0.8895406395854957,1.3035377924546543,0.9554729488296111,0.9258006578794244,1.117288433761984,1.1819278035897591,0.8729306017817288,0.9360307279567605
6564.211400149537,0.8836173556703918,0.9549131072515277,0.8890368062788074,0.9446766022303453,1.155135199128486,0.9243754380051719,0.924838366554795,0.8824548704455192
6564.229051853454,0.9885041491682888,0.9573045665366752,0.943906675607432,1.021966206422277,1.079222822342037,0.940434564883454,0.8968995300623099,0.923780696704218
6564.24670355737,1.1163619925092405,1.044395859855775,1.0335315660521975,1.1107816390562582,0.9687917250453253,1.0168763273875163,0.8600297266680155,0.9903094485004025
6564.264355261286,1.0026069594744875,1.0432486495644193,1.1929723574152813,1.0618909162291585,0.943313065486363,0.9578621966490095,0.9562265291120582,1.0535698025146192
6564.2820069652025,0.9710978879518661,1.1461428444482622,1.0830624566832299,1.052578852600995,0.9542140537734797,1.0092115281046061,0.9985721119166739,1.0537562038083106
6564.299658669119,0.9595745979273306,1.2811992355115684,0.8763861131020005,1.0524742886201206,0.9829174929761476,1.0949727601982906,1.0257014689590715,1.0249609528806176
6564.317310373035,0.9351701739442069,1.1773683699052457,0.9924931675779572,1.0955431011376098,0.9254054924340037,1.0633960472658905,1.0255732193062348,0.8346599729689389
6564.334962076951,0.9858327682759398,1.140035300739127,1.0663036327076165,1.0543588741052634,1.0195248598247437,1.0548871129801747,1.003715025940985,0.9764243228567984
6564.352613780868,1.0745781562612113,1.1212626801808352,1.1385355957507783,0.9732178657949465,1.185049682350717,1.050954883326366,0.9690224591527659,1.2771706033976045
6564.370265484784,1.1163214932714938,1.0159588071825638,0.8682111152748524,0.8600195615869565,0.953731470661545,1.0764443163814648,1.0849223595606796,1.0232635364616158
6564.3879171887,1.1414162121305051,0.936977292848156,0.7942379965767622,0.9507533713645633,0.9157086412740578,1.0806028445451057,1.082146948627835,0.9830090440164984
6564.405568892616,1.157103089113539,0.8644674672261674,0.8155794274609949,1.1788177626959424,0.9725825445166302,1.0766844900584482,1.0140885851813948,1.041638020968258
6564.423220596532,0.989834599182124,0.9724396818918674,0.9685936949885487,0.876231533712899,0.9689764912356764,0.9057653787383031,1.0060216475702457,1.0167143315109337
6564.440872300448,0.9787987742293243,0.9535594534553216,1.1098928721947987,0.9000589768026048,0.949149637385741,0.9550369058190297,1.024334843229607,1.0026467921959648
6564.458524004364,1.0790316217010638,0.83728343962985,1.2736080448422207,1.1556050041851589,0.9092918009100003,1.175801425990174,1.0703601034167314,0.9931678951633183
6564.476175708281,1.0959823796903183,1.0119018198599685,1.0235857584444892,1.0109331985221668,0.9618811275595913,1.0604979169962792,1.0356573095380401,0.962518968279077
6564.493827412197,1.0071005768962624,1.0635733867490973,0.891252055245541,0.9489480726440289,1.0110552564305035,0.9575454946211088,1.0005696777601722,0.9382438484811777
6564.511479116113,0.7903284582518095,1.0307254564286594,0.829520305396804,0.935054374492118,1.0675546728593734,0.8206967068846622,0.9604745295596203,0.9055777004652908
6564.529130820029,0.932336950441301,0.7841474067483052,0.8922669984938743,0.9605849331183695,1.0683861217347943,1.028003099100032,0.8866699420341433,1.0757205003619235
6564.546782523946,0.947342327636538,0.8019909097867295,0.9438211065538972,0.9696067817914404,1.0779434766670404,1.1077120029405376,0.8828634206595706,1.1375482200303337
6564.564434227862,0.8214100883448368,1.1414456127779429,0.9886775887989923,0.9541092666495997,1.100262839824438,1.070501009552324,0.9599421298344625,1.1011295492742672
6564.582085931778,0.8961971803162481,1.1446099561268164,1.100875727821669,1.0512566106195829,1.0547006883788057,0.9694637224306509,1.012374652171751,0.891704002566759
6564.5997376356945,1.0057122574365276,1.0428492799477689,1.1086590487658652,1.106290579861577,0.9842921431793354,0.9410119052311151,1.0249910442565733,0.8454574560478261
6564.617389339611,1.2087744315854807,0.7313804785499762,0.9337078961407392,1.1231997477540083,0.846117336798355,1.019593007391565,0.9883280793779773,1.0430845298814535
6564.635041043527,1.0656923829162415,0.8938348751735089,1.1896464012408305,0.9894254368166885,1.024900773743469,0.9823511870423133,0.8778109338755772,0.9822370844584382
6564.652692747443,0.9791454610640462,0.9469762411353929,1.2374045308619088,0.9228478428639463,1.0412363515967655,0.9585568604162339,0.8256359558447468,0.9441325507481204
6564.67034445136,0.9730714058772074,0.7942059739545937,0.9124558568085841,0.9610421811683297,1.0,0.951712147555436,0.8644549047573885,0.920416411506741
6564.687996155276,1.002662078669499,0.9439032903108667,0.8471086759739059,1.033532389308729,0.979094602850893,0.9638351050819729,0.936857173313999,1.0581606547580131
6564.705647859192,1.0438732254384118,1.0084603188735153,0.8722041728863863,1.0686391583734487,1.1096331571736477,0.9831160395600349,1.0017568988422814,1.1393497932377747
6564.723299563108,1.1082585882321165,0.8772509920931401,1.1143567115026187,1.0338794359877252,0.9858447875939227,1.0126384711536667,1.0652945354410976,1.127206305041574
6564.740951267025,1.2021708857659978,0.899514939848306,1.0615981670758343,0.9443768361600008,0.9542024936053642,1.0855430009970402,1.0153701357424518,0.9172098733674465
6564.758602970941,1.164657336678136,0.8887722920797054,1.0572765902016485,0.8951551007179664,0.956849633379226,1.1010595204205689,0.9899766144501461,0.8009818077176861
6564.776254674857,0.7223771711197811,0.783668034474593,1.2398429896226417,0.9689448045257668,1.0551550907034632,0.9644534723665958,1.0572068298963526,0.9471403873494139
6564.7939063787735,0.8752971030330435,0.6794008061985665,1.0898128887262242,0.8812059617379239,1.0405326342266483,0.8966816186035353,0.9471123067620932,0.9786647381533328
6564.81155808269,0.99561078829787,0.6765041599995042,0.948350637598552,0.8731315391582875,1.0048236556027776,0.8603979690944822,0.8730698090851552,1.0019183958177613
6564.829209786606,0.903163705100072,1.0173299736764452,0.8523210680320418,1.1349771566561848,0.8940482074007294,0.8937773139155266,0.9567727385140508,1.017481626752342
6564.846861490521,0.9409122666402105,1.077871602572692,1.0166452968658104,1.3278488439802485,0.9995245527435525,1.0185150999362995,0.8796158856533671,1.0125097656941118
6564.864513194438,0.9687851691016172,1.0990082315256673,1.1160201584144613,1.0,1.077136460026433,1.1341501141469819,0.8352686305486345,0.9933956592996802
6564.882164898354,0.9137690077192816,1.0475089198416014,0.8247261355922458,1.0,0.9684652144841686,1.2142359966232075,0.9687300576357545,0.9062365417647724
6564.89981660227,0.9501058849135839,1.0602583521909332,0.958942899848512,1.2046935676255195,0.9852999113086407,1.099991765288655,0.9987418822603168,0.9853611125050064
6564.9174683061865,1.0188270482040351,1.0564640289292504,1.0889149011478254,0.9579596350323286,1.003315612345477,0.9868186149510483,1.0061720485091563,1.0573355037526768
6564.935120010103,1.2564064725740813,0.9223717977082377,0.9691836403998997,1.1130423668720055,0.9551869525899347,0.9838355592033022,0.947555627096062,1.0126561014633086
6564.952771714019,1.0486773683882733,0.9671020718797196,0.9944148932191061,1.0079707879273065,1.0249400910778657,1.0323808209116947,0.9566550247892939,0.9401550191237633
6564.970423417935,0.8400290512130972,1.0260313131557703,1.0311962380921653,0.9096448912495676,1.0791453408132963,1.0641902909633898,0.9530694332152028,0.8890046565084337
6564.988075121852,1.0579324326375419,1.0305328511869012,1.0293955944287818,1.0409873081514456,0.9191533300385057,0.9147544935987673,0.7954468748505179,1.0263700130265792
6565.005726825768,0.9997559671283088,0.9474249077354832,1.0586650940311984,1.0687700298798473,0.9574068697047652,0.9322222352438173,0.8451664264254559,0.996104028384169
6565.023378529684,0.9155424945825393,0.8559408976258118,1.079582028486349,1.0751887965460418,1.015198794853967,0.9837293864886716,0.9256465937476106,0.9418451093895677
6565.0410302336,0.9973171694385294,0.8153426553794532,0.9846245866569572,1.0367011970208824,0.9576515799620338,1.0936910577849208,0.93176344944996,0.9192134457140471
6565.058681937517,0.8296497854465885,0.9751543160884406,1.012552129071482,0.969088365267869,0.9783863142485569,1.0705089807813137,1.0525082640412262,0.9211015857817033
6565.076333641433,1.0,1.143343755845935,1.0667221958537203,0.9114663222939544,1.0043946316653887,1.0076101738295264,1.1757744930213154,0.9315970421730472
6565.093985345349,0.9549390375084689,0.8281221128447299,1.1336308993971003,1.0574291522741792,0.9192011641145414,0.8201177347358783,1.0772121344019785,0.9680508843040397
6565.1116370492655,1.003570129108999,0.9057845650248371,1.0860645202353132,1.0429509278343385,0.9407881649523059,0.9452016115197807,1.0222879252284751,0.9104217789998436
6565.129288753182,0.9917411375814871,1.0615649449116769,0.9989847438997664,0.9897680017412179,0.9893451613582728,1.1304549764551775,0.9706512838458504,0.844871233066252
6565.146940457098,0.8972161635688094,0.9174114346666313,0.8198164266426602,0.9350725784206227,1.0329416956535664,0.9205242279665692,0.9134532598928644,1.0805699207889035
6565.164592161014,0.969726899274266,0.9645994697771029,0.8432527735753301,0.9806117035896892,1.0418484248314317,0.9367677019459444,0.9205224083052895,1.0047728580608661
6565.18224386493,1.0880140111065428,1.0685599063781068,0.9377308897164633,1.0544761706461367,1.0390841974185687,1.012070223838758,0.9509424789579103,0.8413450438860324
6565.199895568846,1.0188712929590291,1.2377944173660984,1.091804900773613,0.9791937612573056,1.0571740634660822,1.038113207313597,0.9970701034295143,0.8710377339755968
6565.217547272762,0.9817132787784976,1.1830451406868667,1.0900116676596976,0.9569725716459917,1.0478348798712034,1.0748321318394376,0.9524000090152298,0.8961215256365522
6565.2351989766785,0.9556587288964586,1.0416012068240204,1.0272814575201221,0.9521130418177344,1.0278483368684712,1.1097063316768843,0.8767071601898335,0.9325659458827616
6565.252850680595,1.2066445069732044,1.0718611881872349,0.999921302126888,1.097712321158522,0.9861712636922636,0.9966886343816198,1.0074409940308355,1.0930341496861553
6565.270502384511,1.2394408140509932,0.9745217559222105,0.9882132470495195,0.9442436697588805,1.0457796258763619,0.9977147210339098,1.021402167859466,1.059959880685985
6565.288154088427,1.1827151116243615,0.8267645322002596,0.9861328504256915,1.0,1.1492347454368832,1.0443178500455532,0.9911011235380985,0.9397164144984692
6565.305805792344,1.1084129397442564,0.9653691716872976,1.0205223457951111,1.0,0.8652343171405739,1.0629531100886658,0.962814391852015,0.8238744121185839
6565.32345749626,1.1178127104817308,0.9442861303921115,1.0709601808631835,0.8082902918790789,0.8311699629553093,0.9691098101284786,1.0003868846525446,0.870271850501726
6565.341109200176,1.1731963413913378,0.8502809327006817,1.1339528832329013,1.0867736403742692,0.9118989992527393,0.8102748409181679,1.0748371302200714,1.0086006498763405
6565.358760904092,0.9638612596763778,0.9431726795596315,1.0722274856628882,0.9302711951744079,0.9835506541034315,1.0,1.1104486322253546,1.000073056098585
6565.376412608009,0.9703102250051165,0.9088708637680367,1.056351778214865,0.9445307682415621,1.111187747514612,0.8583522486566717,1.019010336449583,0.9884253722706468
6565.394064311925,1.1022090454690114,0.7936284819453756,1.06015533957994,1.0432189181145546,1.2835308295821393,1.1307675572950715,0.8358721633363316,0.9630094758965525
6565.411716015841,1.0179556228630722,1.2223255644681421,1.1341133304429842,0.953727829736796,1.106206007354363,1.0066553139455592,1.0373988161973893,1.0749239069005943
6565.4293677197575,1.0191820803186138,1.2129060293523684,1.1065625612185217,0.9754917224755665,1.0529491558773012,0.9606804202912497,1.0427163660699383,1.072796243275645
6565.447019423674,1.0748224958990795,0.9127541472472368,1.0076176522001568,1.0707618721749277,1.071902832372776,0.9385083305386701,0.9255483924922655,0.9975494129235462
6565.46467112759,0.9856181653231452,0.7776946120741112,0.9463100748076444,1.041775638979064,0.8722471682718052,1.1078263125219026,0.9711397513046915,0.8796533276721573
6565.482322831506,0.8726605833288144,0.769732602884543,0.9918398751116311,1.027901106276223,0.8401722938737607,1.120364322546195,1.035601723320321,0.8805617138314121
6565.499974535423,0.7047989448443327,0.8796577298324939,1.1313334258598173,1.0226942843829623,0.9296475913406471,1.013279334785538,1.131135267498696,0.9779789666606591
6565.517626239339,1.0916950824623677,0.8870999617566745,1.2312255319956165,0.9240301902120795,1.0779339676197637,1.0087910297132883,1.144407890788077,1.0619150269553084
6565.535277943255,1.1309552686882607,0.9581551490087594,1.2007319312162577,0.8851038852339966,1.0856148822744864,1.0318660938282584,1.0608024355761696,1.0088784945459555
6565.552929647171,0.8805177857205089,1.091434063451754,1.0378387620177856,0.8941899550962658,0.9645608194493893,1.0919722395293967,0.8671269292866928,0.8084677204675821
6565.570581351088,1.0,1.115549301238444,0.991881127114798,0.9143089377944575,0.8865374644996868,1.0598217306076796,0.8849734760226038,0.9123313233206097
6565.588233055003,0.6873209640129083,1.0812296245202249,1.0203711063373166,0.9554466174852007,0.9079396272253686,1.0317240083976427,0.9435672605072265,0.9827933837501995
6565.605884758919,1.0698769695089716,0.9657282647617511,1.1476289516406004,1.0305828893274283,1.0528910895959713,1.0014788700569877,1.0658025388060328,1.0364346241039546
6565.623536462836,1.011188633872,1.018641426834735,1.082620076498509,0.94032402429121,0.9364965260544701,0.9790270568898304,1.087558117230352,1.1084619031998613
6565.641188166752,0.994717575314904,1.0497110736059052,1.0743928563202465,0.9919694008954346,0.9223867497683212,0.9475993545865619,1.1105714647205542,1.1400631474252725
6565.658839870668,1.0003950780457727,1.0655853400241004,1.1500701222848604,1.2395320004019832,1.0153391841139552,0.8920189753606882,1.1264697492242197,1.131175529907737
6565.676491574584,1.065483760281058,1.0912996197502984,0.8670709004309018,1.0287318795869356,1.1110407275328997,1.0159631590886897,1.2112257262438912,1.0479553187612674
6565.694143278501,1.0613237041449384,1.0195044829422915,0.7706128484343407,0.8706389904667193,1.0833664161431948,1.0668822109117888,1.1433158122990756,0.971960572647909
6565.711794982417,0.9616076781941815,0.7789333456225344,0.9050301355621966,0.7436718699070726,0.8707455610548019,1.0310106122118066,0.8540281773444813,0.8868698412937384
6565.729446686333,0.9422393685243335,0.9647812201980005,1.0168810290665806,0.7594921423584335,0.9311546635521255,1.0082411982220487,0.7970922155724345,0.9524924056797043
6565.747098390249,0.933591896107215,1.1031383064614246,1.039594311211683,0.8136710301102202,0.9265920170235625,0.9971408107748854,0.8749725906708098,0.9839356080385907
6565.764750094166,0.9340886852130423,1.2058816317392405,0.8995541525207221,0.9318731684892732,0.8130641408940177,1.0182167039509071,1.206407533659736,0.9638046745591167
6565.782401798082,1.0312879425637285,1.1585062703691873,1.1242948825345946,1.0602577259439214,0.9585802054510724,0.8644398010022456,1.0442159274649412,1.0296766689577368
6565.800053501998,1.0891062852194113,1.066510910508847,1.1628858301540521,1.0761193015848036,1.0228523308307504,0.8322556888808853,0.961440565777417,1.0622186115160557
6565.8177052059145,1.074522194175661,0.8626682565695508,0.8722091711306529,0.870956444947116,0.9473828111873511,1.006294324553513,0.9840671092358905,1.043281811388204
6565.835356909831,1.1775793722142789,0.9698860631715112,0.9185906561281092,1.042725953461111,1.0363940823735251,1.0277665541930106,1.1177572574846508,1.0118089878510135
6565.853008613747,1.2344525775473703,1.1039028883500528,0.9734209212967153,1.1710158247734652,1.0538005327609736,1.0395739651628746,1.1405967458539215,1.0350003075675622
6565.870660317663,1.2185834322439735,1.3416948159996114,1.0606317297569767,1.2461877494168392,0.9327710670803007,1.0483418202092254,0.9440577982325526,1.1819604677709068
6565.88831202158,1.1288664684298044,1.0977159875472982,1.005307031006642,1.138621463954135,0.9105206810478141,0.9077533191357503,0.9663077828779961,1.108335483720065
6565.905963725496,1.0666150809590267,0.9656484614390558,0.9873059301056832,1.0512815602767878,0.9485636960197137,0.8726803516872246,0.9649480482688747,1.0084650726344078
6565.923615429411,1.0670704849192145,1.08822168888159,1.071055704481596,1.018459606361756,1.1199098445060032,1.0654305534593032,0.8889280931010215,0.8351253414439075
6565.9412671333275,0.9878133028853484,0.9758348508004113,0.9208651259795533,0.8685153551979223,1.1500496147341868,1.0669239583740033,1.0297432507134083,0.8554449366874265
6565.958918837244,0.9635397636967009,0.9024235428791016,0.8543315754808333,0.801480186393728,1.1415997491741623,1.0739888729891507,1.1175568185600757,0.9258091939961349
6565.97657054116,1.0756407475628564,0.9027026926413976,0.991776016273533,0.9137133840692789,1.0642975207211243,1.1127872537992425,1.0890148015636871,1.1200805081557783
6565.994222245076,1.0607413571633193,1.0391426432007393,1.0176821165151377,1.0419712318922745,0.9146859702560753,1.046932346609783,1.0285201723079977,1.117398606956568
6566.011873948993,1.0316830417197667,1.1766279108969926,0.9918712048147019,1.1139073582993757,0.8568855997368993,0.9942279143090258,0.9662374521580296,1.0867530221754786
6566.029525652909,0.964777312776575,1.3747125738150903,0.7970712649367748,1.0465825565306004,1.042264323188714,0.9611527045734695,0.8608950029240316,0.9808367741549229
6566.047177356825,1.0079936151543516,1.0259523661283714,1.0323655091753112,1.0247897846295326,1.0252241825672,1.0783488538212422,1.1068588945184819,1.0701113841843828
6566.064829060741,1.0113606727796616,0.808800075134072,1.1753964425038503,0.9981009325138215,1.039211730408248,1.1215395742109135,1.2083163182849659,1.121582666799197
6566.082480764658,0.8643220648789242,1.023443250305393,1.0144419328344243,0.9335523380035423,1.177538781360147,0.9245714254007134,0.8535153744384739,1.0541776068777668
6566.100132468574,1.0084037362143876,0.991251186902501,1.029883940901921,1.0449629988843374,1.1171592645030992,1.0104715704063378,0.8958587637827324,1.0035406657483585
6566.11778417249,1.0692687366275695,0.9566394110811861,1.004202942794024,1.1048209314383948,1.0419637955255763,1.0746016091150041,0.9426253986846308,0.9378736755317948
6566.1354358764065,0.8193058554072853,0.9662582703888704,0.7943042719974942,0.9539194283084048,0.9186636333360129,1.0223213692261164,0.9449102908835555,0.8122109991857894
6566.153087580323,0.846979383977152,0.8000325915530679,0.9505820982068517,1.117697351236407,1.07405370623201,1.1201696761648752,0.9838268353636382,0.8200371218876594
6566.170739284239,0.9136034118013852,0.733564363160808,1.071411769308845,1.2107053410949924,1.150683883926575,1.1471945122010738,0.9876244642570372,0.8442298370893512
6566.188390988155,1.084971957711359,1.0838755207383062,1.009151545301031,1.0292529078575026,0.8885514179180843,0.9057281206223428,0.8623615117835689,0.8990012732941237
6566.206042692072,0.9690443149074809,0.8252624481385893,0.9895798816530789,0.8807503082624025,0.9732764971791691,0.9003976881669183,0.8700828652365595,0.8662582977769504
6566.223694395988,0.9160018177449757,0.6657894822766064,0.9415456664517883,0.8210442662346183,1.0709111990531897,0.9444464309288327,0.9076803200204284,0.899900237791647
6566.241346099904,1.1975058253610964,1.0410630410113844,0.769821278550251,1.0907349518046923,1.146667751358794,1.1311600479620578,1.039875391254572,1.2309613999218671
6566.25899780382,1.0588774083682555,0.9432905255982672,0.8028532913372716,1.0598083900043804,1.1313835024424501,1.0567632138451437,0.9714723533480157,1.1324239898287984
6566.276649507737,0.9451680282229965,0.8593593621890614,0.8496880132153055,0.9952912774813143,1.0591816705948103,0.9688405541380726,0.883077720513508,1.0253887949353346
6566.294301211653,1.0419599788633447,0.9464709507122419,0.8711299194782264,0.8800631829619733,0.7606112362141435,0.8856404102200475,1.0,1.0173245753058213
6566.311952915569,1.1298863068346474,1.0901607462733576,0.9609194066290234,0.8908675684833792,0.9073175818362166,0.9892104155823749,0.9747556147570475,1.0194207948662202
6566.3296046194855,1.167405579444224,1.1897960676936297,0.9991617168963639,0.9178231468886955,1.0324211655896225,1.07653920614901,1.15284971501768,1.0471130288668922
6566.347256323401,0.9756355984921622,1.0896190468922966,0.7658427503793078,0.9807090724086386,0.8789915753442037,1.0360571198364186,0.9063396725771306,1.1921836698289474
6566.364908027317,1.0333398588574134,1.0139715865483971,0.905044810936547,0.8702683125149377,0.9653539106976747,0.96443864610571,0.8637332750252602,1.114217427296063
6566.382559731233,1.0542635033234433,0.9799281408579429,1.0526895614652112,0.8103285981491579,1.0441713810669904,0.9106783220388408,0.8729535635006802,1.026099387280459
6566.40021143515,0.7850587691106495,1.131588434893774,1.074946433716635,1.0713185380032244,1.0037643745733793,0.9579957706561526,1.037071795884097,0.9795827020885116
6566.417863139066,0.8063849995031135,1.1620927818259035,1.0847812354803201,1.0321253854835335,0.9480926718795063,0.9527654299430394,1.0946841919790102,1.0456818983626959
6566.435514842982,0.8772201087487529,1.1783686681073635,1.1115745916292668,0.9998319080453891,0.9157447404785706,0.9517267372595364,1.0928997419381163,1.1223035685163705
6566.4531665468985,1.0471858007200163,1.2065955723301718,1.292192297139351,1.1513275414939876,1.0182281317609312,0.9949130164110064,0.8381166346031,1.1900973889518378
6566.470818250815,1.003753068655839,1.1056805440893942,1.0541255360552075,1.1993760536066531,0.9883093709325862,0.976426616233975,0.9268676546858128,1.1570611249376295
6566.488469954731,0.9642261511999846,1.01664542890141,0.8484811659415274,1.1924192949928203,0.958537391142073,0.9766928081581201,1.022719911403351,1.117480208845999
6566.506121658647,1.1052350309272154,1.0920582647034218,1.0953177882012322,0.9575555978872667,1.0122544396970992,1.1360126563965054,0.9288861470983641,1.1313982570777827
6566.523773362564,0.9954799564620687,0.9635288367270437,0.9853540665902338,0.9580682008843571,0.9807452489084606,1.0073170692037667,1.0170025444285384,1.047592914131799
6566.54142506648,0.9151566488139092,0.8999335107126376,0.8849636936925045,0.948610811497426,0.9356212151073112,0.8925222738758795,1.0920975334583285,0.9601266905263293
6566.559076770396,1.1892791893915136,1.3634594869248464,1.0850306959968061,1.0,0.8590785483764389,1.0484786536532402,0.9803702839091375,0.9109404917691089
6566.576728474312,1.1000651712962415,1.2229376219215187,0.9647328630648208,0.8215166328681878,0.8969017807675842,1.0682632393109504,0.9745597631167048,0.9282097603393222
6566.594380178229,0.9904898291113562,1.0397028961837353,0.864763137001684,0.9833824740383342,0.9770416842439499,1.0597506152726701,1.0010587317599366,0.9335484619787808
6566.612031882145,1.045210512338287,1.0990408047927929,1.1398151350204804,0.9811621448090322,1.2463421383906275,0.9661237007748977,1.1703615397383675,0.8029173544400642
6566.629683586061,1.0126901355082765,1.0071554522928876,1.0848181962069854,0.9544263664504393,1.0592122813090665,1.0138845691562082,1.0437843183132192,0.7802348983063615
6566.6473352899775,0.9743500676540778,0.9388902547302891,1.002073785907704,0.9225689187528957,0.8599639418698775,1.0688104277070296,0.9094912959190005,0.7853097337056121
6566.664986993894,0.9288241722848974,1.0975243314541965,1.0269615818316493,0.8931764037141411,1.0207530429227347,1.0635361555457274,0.9994456717555682,0.8553082758835733
6566.682638697809,1.0998085159039874,1.2515501890983847,1.0307880638787337,0.9717610469460918,0.9102343074409308,0.9753997173643363,0.9589229774982799,0.9176364460682895
6566.700290401725,1.2266683272792576,1.3283330861956406,1.0227027696926814,1.0506588855247672,0.8108092825748388,0.8863542844669886,0.91344139887121,0.9604791710748752
6566.717942105642,0.8611902075438536,0.8880728110167025,0.9308079707295356,1.0430370560725182,1.0045553717520588,0.8849037592214987,0.9459418709013493,0.8624747845957172
6566.735593809558,0.798038365494941,0.9047129535108871,1.0013187032926227,0.929576870987895,1.0255293494936657,0.8541264366233694,0.8941056762431386,0.9740033191863835
6566.753245513474,0.8067776734510907,1.0046317073603053,1.0762684280214907,0.8357473236460694,1.0180099045498594,0.8558866771453173,0.8747646430786633,1.0983323595065764
6566.7708972173905,1.0088366104142297,1.2231141438810123,0.9914473403557931,0.991999093773194,0.9976153515708048,1.1067440603421896,1.183866171859103,1.120129767481136
6566.788548921307,1.0050682435672367,1.0960779915255054,1.0768272980592162,1.0469159892682425,0.9152638288186827,1.0045144132067967,1.026938156605963,0.9896411473741565
6566.806200625223,0.9664065447864468,0.9360793456226844,1.142542459491374,1.0947242066912621,0.8470867074183205,0.8731597862450869,0.8407757270206919,0.8782203219687377
6566.823852329139,0.9224844394061961,0.9071904906465363,0.8760470418240618,1.2298925426173026,0.9468638327110168,0.9255435164670002,0.947810929307062,1.0902376231309407
6566.841504033056,0.8935455673843824,1.2040125679120095,0.9542775512165824,1.0028034734029938,0.9511751420020506,0.9599557929563955,1.073323913091611,1.1582755097250286
6566.859155736972,0.8788928548852978,1.0,1.0718479809693997,0.7766261857047667,0.9407462110032669,0.9952663675092907,1.1679248706440504,1.1957024565461531
6566.876807440888,0.9581863699987754,0.9072175548734048,1.0837897680701845,0.992235241921256,0.9103803593245665,1.0193841970675506,0.9595566683975597,1.1833567149457982
6566.894459144804,0.8692040067189143,1.027287296742007,1.001921900227949,1.064311365013149,0.9636593550759458,1.0605982062752317,1.05548405892267,1.0573724387352204
6566.912110848721,0.7858796565169949,1.2129406152604987,0.9232823237408305,1.1046494633349688,1.026103705339629,1.1058764424286456,1.162240512567195,0.9412328628055583
6566.929762552637,0.9364985102824999,1.097138811214487,1.029841094936712,1.0410323259764023,1.052873182423926,1.183961636819145,1.0048864351124935,1.04823585911078
6566.947414256553,1.0017977908229077,1.0734966440820437,0.9576644901635886,1.0106035437506409,1.022438067898658,1.0908800493943596,0.9491906413525542,1.0817168003128261
6566.9650659604695,1.0577338290865808,1.0675517597062956,0.8617283955830601,0.9901162585937502,0.993840374188593,0.9936046815733687,0.9083730502519534,1.1012921863230554
6566.982717664386,1.1512387548318255,1.1047007470991126,0.7945311828936065,0.9917597822257231,1.0819252516812452,1.1255321255423265,0.8477916712322487,1.1007952794415647
6567.000369368302,1.0422532125628774,1.1659072801528534,0.8386125424936832,1.1081759061667258,1.005073289353914,0.9737086555254554,0.9785870569144874,1.0079065921554051
6567.018021072218,0.9266344134983613,1.1901553428629716,0.9101525947395823,1.1920401750968552,0.9203018047828485,0.7928604818373075,1.1144586228496658,0.9022146088487664
6567.035672776135,1.0609059331583708,0.8598658521437538,1.0080567861929899,0.8627948852579552,0.9553689461639575,1.0,1.0419803623155028,0.8049119978487849
6567.053324480051,0.9956152689676028,1.0706102331907226,1.042068924970472,0.9212415749356774,1.1202659929014667,0.8969907733846176,0.9445722390021418,0.9503598216676377
6567.070976183967,0.9104919229648121,1.3097332040393193,1.0369082804696286,1.0234971674190876,1.2493344980365677,1.1077123048153301,0.8649392854008582,1.1094505473904466
6567.0886278878825,0.8808153302555461,1.0510756002524602,0.8279255671895386,0.9441258808217989,0.9204936085979152,1.046952846776101,0.9767238502439687,0.9982544568647759
6567.106279591799,1.0620943562842935,0.9705679045016155,0.8897622257577662,1.0379384151970135,0.8972580036894499,1.0415119917822784,1.0354163471234668,1.074988230997599
6567.123931295715,1.2228402699758858,0.9365165094705424,0.9863077563765849,1.1206363596338085,0.9498374110163368,1.026564958499606,1.068722760283442,1.1591830489360526
6567.141582999631,0.892832172167253,1.0608900308598415,0.9653115697797572,0.901980794504327,1.1986346252423017,0.9166820248086295,0.9470438921247806,1.1053355053267577
6567.159234703548,1.0640279611322667,1.130930971744438,1.0352087364833973,0.9588142483203916,1.2060484183440798,0.9484938531763978,1.0160509461344107,1.0109685193164282
6567.176886407464,1.2620921110999026,1.1732149597880934,1.1057805267275864,1.0394032674281413,1.1490821441631631,1.0018145667572174,1.0930571440878785,0.9225943463518197
6567.19453811138,1.0392162818827695,1.06403014735225,1.0972639115991227,0.9489189387053536,0.9195617678556707,1.0256744577013406,0.9854583719519399,0.9590453549640797
6567.212189815296,1.0659056228446155,1.0866264429753323,1.0194093624348508,0.9942364746642617,1.0289926463178134,1.0380577499534729,1.0262151772849104,0.9499951100475117
6567.229841519213,1.108766433516647,1.0972950261673924,0.9410441823276933,1.039592689150008,1.1485262133670446,1.033493623039687,1.0583400792733795,0.921558988378325
6567.247493223129,0.9933785253831138,0.8773699571460329,0.9661859419808015,0.9303984525150185,0.9076205090855766,0.9308059562300683,0.8425699736898923,0.7570390986729002
6567.265144927045,1.031392189700404,0.822044592716964,0.9775659406347925,0.9379736382968556,0.8936269910221717,0.9467718746628171,0.9364413607875806,0.9137428154189966
6567.2827966309615,1.074989433238058,0.7901196728404429,0.9804077185316461,0.9562003003921158,0.9411665814426835,0.9774719716318417,1.0619810050115925,1.09561138390602
6567.300448334878,0.9967528058956111,0.6916217022639275,0.9055941643991514,0.9163311571121947,1.181187278525759,0.9783217766418435,1.0440759805826236,1.0623219599869833
6567.318100038794,0.9159486381959847,0.8745240085652687,0.9852795428809792,0.9347463810306862,1.1581423350272237,0.9419459422792256,1.055436655359397,1.02550678524833
6567.33575174271,0.8555978062988574,1.0599699627695458,1.0700934749383946,0.9543715994152399,1.0979451629277963,0.9092957446819637,1.0544541156677936,0.973453479716934
6567.3534034466265,0.9231421878117873,0.905868562667281,1.0086087533200032,0.8939690611351546,1.082036613028984,0.9466689858778173,0.9704946899082572,0.8613066836384109
6567.371055150543,1.0608538705252404,0.9823599683671099,1.018634627004748,1.0292556822519658,1.1340015707031612,0.9550331229972561,0.9289162548273343,0.8611577520368463
6567.388706854459,1.1734442116268697,1.08639533589488,1.0395995326051493,1.1396435886831324,1.1734415081534102,0.9903866098954878,0.9087323608516984,0.8894028674242176
6567.406358558375,1.026055532470504,1.1895000385518915,1.0650857289546098,0.8594111519886429,1.0568929108199236,1.2440210586720395,0.9810228979073498,0.964072445926558
6567.424010262291,1.0313045319350354,1.0334810045682656,1.1151249441697124,0.9497981265584983,1.0056895663088175,1.1504320428051702,0.9986014680918297,1.0150705935774482
6567.441661966207,1.0722835249255611,0.8979746983295215,1.1300493223854813,1.0669234982287041,0.9793801046549336,1.0324955892161616,1.010221397887652,1.0487625184671392
6567.459313670123,1.232465169951711,1.1575600523642349,0.8648467959073389,1.0233760843108293,1.0344292108175739,1.12030317476958,1.0361209747772655,0.9947633174204114
6567.4769653740395,1.1332506430129523,1.2721513458779152,1.0394012708167708,0.9363581983801561,1.132439805461512,1.0411181654395174,1.0139217412474197,1.0285958146616399
6567.494617077956,0.9898012230093373,1.3033413382543038,1.211015690964065,0.8481980643475768,1.2106416506172992,0.9635362034901476,1.0000238872584075,1.0268774475613875
6567.512268781872,0.8137912489370756,0.931661500551972,0.9501040793284404,0.7858555265319653,1.1571780583208555,1.0213753183371772,1.1117177106319651,0.7269664632203992
6567.529920485788,0.8242888228587327,0.9369467656719377,0.9998091215430951,0.9225951385674769,0.9823185145578005,1.033420249000999,0.9512845902392073,0.7373381676591069
6567.547572189705,0.8977940429751229,0.9672316813384046,1.0825899559503356,1.0254500753046103,0.8449171595006582,1.039373973672433,0.8123298519358516,0.8226896160292899
6567.565223893621,1.1683296480853422,0.8341898854368358,1.1145925977756468,0.7251165242420736,1.0413030287529388,1.0204794715984205,1.0190760927624356,1.0933631003096647
6567.582875597537,1.1425651265978767,0.8092710491935551,1.1853667464423658,0.8820051922839257,1.0010042576880733,1.107930388758236,1.00287880750988,1.0655708942986308
6567.600527301453,1.0497093485954059,0.8498717428043033,1.2127120242931353,1.0280455270806055,0.9472467295818512,1.162354810371904,0.968437252398322,0.9792033230297895
6567.61817900537,0.8044016880906306,1.167662235466559,0.950285682449333,0.7669297866993556,0.9628498258517256,0.9526495235827115,0.983278654546457,0.75935537416126
6567.635830709286,0.856121560128396,1.2239288000207922,1.1274205232534036,0.9081510905199427,1.0110946471574929,1.0146496335103619,0.9482876564513222,0.9966796966079483
6567.653482413202,0.947107266023923,1.1868661667480795,1.2825550167578346,1.0476086289923725,1.0412870808900827,1.0615106484217929,0.9229968074263402,1.192991079920459
6567.6711341171185,1.0555793798089061,0.8155525884099537,1.0450255329782139,0.9447669382919632,0.9348121990484317,0.832527906559539,0.9658838203194471,0.868791341875164
6567.688785821035,0.9602104821549976,0.9631886856117248,1.0116444971423482,0.8937573871880559,1.0336421802776035,1.013166268809398,1.0214687172803176,0.85991327552831
6567.706437524951,0.8689056201956095,1.0881249759105869,1.0092818044322485,0.8807705057979449,1.1053046639219033,1.1553895732901394,1.0474877266331741,0.8906408739030598
6567.724089228867,0.8993476721758347,0.7714218484750368,1.0726327599801027,1.0628321593832604,0.9300754059433461,0.8788862120235684,0.9134470839277682,0.9343525206228219
6567.741740932784,1.0210179556833792,0.9253615811394383,0.9759900741203715,0.9160368112986397,0.9646676246826473,0.9669344327138922,0.9574767328068722,1.049936951908474
6567.7593926367,1.0968202942407035,1.0769151758281323,0.9177101938582247,0.8172229506868853,0.9982476291617294,1.0586650013019032,1.0120037096550956,1.1318634854071759
6567.777044340616,0.8965748758914406,0.9922156049271038,1.1053025295701666,1.124344200771542,0.9365319069912015,1.0014286770031298,1.032222054218922,1.0304913068866874
6567.794696044532,0.9992476730990719,1.0424009108892003,1.1583475356194974,0.9403059226539486,0.9148108496158257,1.041365306584511,1.0280296265339943,1.0349758017344757
6567.812347748449,1.08330331997678,1.0682266150222977,1.1258444741404625,0.8045969092892358,0.9027106072713634,1.0971607018516065,1.0506832184564652,1.0503391587232558
6567.829999452365,0.9826887380868722,0.9319514615495289,0.7431452274300059,1.0719952381969884,0.9072374163356849,1.215580364307364,1.2408533779112427,1.0717459845749497
6567.84765115628,0.9214119795260464,1.0156142396486085,0.9438520820705018,1.0322306765553129,0.9545924163956677,1.077999792914317,1.0321124908251975,1.099091486909174
6567.865302860197,0.8862461147211182,1.0789577912179429,1.1196656668568816,0.9683701098461132,0.9947702115536725,0.9589562769848062,0.842253918915769,1.0941002619609186
6567.882954564113,0.93451150518153,0.9585838157321009,1.00195878969932,0.8849702642282302,1.00714383587908,0.990064626154026,0.8328488113727104,0.9365869758822959
6567.900606268029,0.9835595134582887,1.1528424467330312,0.9803801987970052,0.9939722828206744,0.9311717880216029,1.0128128852256837,0.9333761213307755,1.0636470990890647
6567.918257971945,1.0112560973963112,1.2519418398841942,0.9856669820818484,1.08589166310047,0.874654854898476,1.0283206319041842,1.0346335547683165,1.1852442415456927
6567.935909675862,0.9476193071754468,0.9145871550813676,1.0938726058457036,1.0816589638139171,0.8975863974050227,1.0262545260917963,1.094583681051385,1.239375927483851
6567.953561379778,1.0226957020401193,0.9464368842867795,0.9576784842111751,0.9665547695603659,0.9904223009411971,0.9507711494300382,1.1729083092976869,1.0838438257269607
6567.971213083694,1.107234318432161,0.9880215997309204,0.8632261464781654,0.9251563720003761,1.022036853601401,0.9071803246405714,1.192450650103731,0.9740223256850133
6567.9888647876105,1.2184848085094686,1.0008921422472254,0.9456640189062752,1.1764085833919626,0.8098853144754231,0.9842264024311964,1.0363774672626787,1.0710683185174674
6568.006516491527,1.1168741797384516,0.8705942563683406,1.0383611670388944,1.0710657473860288,0.9517680499570389,0.9734841063939782,0.9062318396706833,1.025017324332818
6568.024168195443,1.0258922669329498,0.8288298118232614,1.0628170762624438,0.9589837217130837,1.0611797317039964,0.9659020901108611,0.8594059115900857,0.9786432687500827
6568.041819899359,1.006069430964738,1.071153008441099,0.8505459206782522,0.8565104873306392,1.011574721853781,0.9935753523811242,1.0748050995905358,0.9461615214231217
6568.059471603276,0.9647691090343178,1.1824709848180717,1.007920485874265,0.9862991021359785,1.069602827367391,0.9030620580470704,0.9677464021712266,0.9627979451320335
6568.077123307192,0.9475686794124852,1.2370200348210878,1.054121219238808,1.1061974313004208,1.0983644968033688,0.8722968108569511,0.9308307080012953,0.9646695851164637
6568.094775011108,1.0022083170003382,1.1676843774572843,0.7172294778022725,1.191927630976872,1.0349021475198474,1.037056738057528,1.1433192717027105,0.9129707684947979
6568.112426715024,0.9668701632028607,1.0640552209005207,0.8374214421044114,1.1023846309428251,1.0533388920758546,0.9278313687048966,1.060434471873476,0.9461784625531895
6568.130078418941,0.946203085480413,1.0225623935315704,0.970840991974338,0.9916776198097244,1.0392216244873946,0.8676063244235571,0.9970056029755298,0.9317242619553324
6568.147730122857,0.9686397556034311,1.170539070799607,1.1264656508780675,0.8083165115633433,0.9311640120382265,0.941249505063089,1.0250317750273803,0.7561929488445052
6568.165381826773,0.9710413991802794,0.9702138941217264,1.0211640156231114,0.9948439186778961,0.9400648268421592,1.0251074749735605,0.8646788105346754,0.9485278108647841
6568.183033530689,0.999255061071592,0.855079167636004,0.8880989946230398,1.0827558101913481,0.934506970675243,1.0526817230271688,0.803119480137968,1.0737386620712848
6568.200685234605,1.0959792916404087,0.93739348523192,1.0,0.9149530574257958,0.8723978881770216,0.9608820883209404,0.9666402091509211,1.0344344882556835
6568.218336938521,1.074001673024944,1.0481080509081715,0.8338656931042394,0.9636026886498181,0.9821539404938221,0.8618968724659337,1.0635881278798616,0.9887418685809672
6568.235988642437,1.0651906199700738,1.112681010015109,0.9642345868700016,1.0438299535260676,1.055234261774138,0.8816734359997975,1.081975730168985,1.0155115924314742
6568.253640346354,1.0780227000334541,1.0825795521152592,1.0351365306798403,1.2058929030000813,1.0643751639330747,1.1547001151211147,0.9317592402843176,1.204405380141814
6568.27129205027,1.1859863765468093,1.1051937790108681,0.9327537503881436,1.1079206273470439,0.9638800424698759,1.1789556153285654,0.9710369736372609,1.2090676673069711
6568.288943754186,1.1637170942948174,1.0695826912193351,0.8964937910745459,1.0649615798135734,0.9310414444545672,1.1552289428593867,1.0172075377060015,1.1517513527622427
6568.3065954581025,0.8777494161445621,0.9231201066470752,0.9729078180556268,1.1481289654938542,1.02879759901313,1.0452205779035582,1.0827097198895077,0.9733834783401026
6568.324247162019,0.9595367190697668,0.8381940813057398,1.1187682893719701,0.9517094918046788,0.9960421402415292,0.9927697746080874,1.0575280233986326,0.9397248721716379
6568.341898865935,0.9461887888702508,0.8570178195108653,1.1241729777104583,0.8516693678045016,1.0025669090413432,0.9583181064482705,1.0387899312170006,0.916058697249343
6568.359550569851,0.7485546310931152,1.0451546560869787,0.8668498216870338,0.8940404840912602,1.0840739076643822,0.9451980406855903,1.0217990280360856,0.8908551298784381
6568.377202273768,0.9505347691908564,1.193014380625468,1.0482352587581374,1.0058885040640728,0.9879215234539944,1.0085956402575753,1.08823348509211,1.062111456062643
6568.394853977684,1.016735872489844,1.2598417054645936,1.13108603154945,1.0771959017486543,1.0330109194722281,1.0297717591872815,1.10823485022864,1.1380155741668492
6568.4125056816,0.8665429044007975,1.2068265616254843,1.0765688718122526,1.0971247937982582,1.0,0.9909032654054508,1.0632884727493033,1.0821215867255898
6568.430157385516,1.110120371437769,1.2196869828543355,1.1170694423781014,1.1045312811026666,1.0972582771153232,0.9950852581500815,1.0453554130386513,1.031388238622346
6568.447809089433,1.1854919140720326,1.133898481239274,1.0473844350944554,0.9913741166283794,0.9599912940809734,0.9476526182536624,0.980121106980389,1.0045274262677935
6568.465460793349,1.0537232459744168,0.8823069205445255,0.8104548397001973,1.0,0.9054109640464509,0.823142942520655,0.8270098869011204,1.0084093760055743
6568.483112497265,0.95903864862855,1.1626583784797777,0.907891734345681,0.9293754071575149,0.907842439974676,0.8429494361126221,1.0502025612997785,0.9911947802204755
6568.5007642011815,1.0065528112784523,1.2153278614104146,1.0278915498713603,1.0718148720000817,0.9495061909637368,0.9136709495170691,1.10468088679018,1.0094478045612054
6568.518415905098,1.248922719493729,1.006576068794605,1.2183520747454075,1.1325831321897317,1.049979618786304,1.0543635468911,0.9759759252223675,1.0809545439226576
6568.536067609014,0.999553186866348,1.138496847468706,0.9652436921392971,0.9240732390003912,0.9923971473058852,1.1417027513109146,0.9561035699036954,0.9510187145033738
6568.55371931293,0.9787128775765364,1.1648381706971156,0.8696215539338873,0.878366065079959,0.9991956181037954,1.1051602848678814,0.9768260043765726,0.9135184145557637
6568.571371016847,1.1895961697838835,1.0979465735237006,0.9088812501233768,0.9877351904530055,1.0770608444351684,0.922920143555494,1.0523163911727382,0.9576257394835782
6568.589022720762,0.9941251107496665,1.0442639897150565,1.0135437908240312,1.0322666935331763,0.8881436527559328,1.07641030456656,0.959409423118577,1.0675780170579143
6568.606674424678,0.8654412835450557,0.9778533321296455,1.0080105328488485,0.9923900826584371,0.8596625947883587,1.070894247136258,0.9112220864401842,1.0602311332059646
6568.6243261285945,0.7632903612218573,0.8912235110864192,0.8971164076831013,0.8689729876903592,0.9680717344752485,0.93511470030611,0.8891631521234391,0.9522191334814077
6568.641977832511,0.9425000719589735,0.9742448461089447,1.0356451672170872,0.8411444953254089,0.8860268499557667,0.9213817958871926,0.9743254238976774,0.7745037948566937
6568.659629536427,0.9959305650698953,1.0598268394959516,1.0349362857181255,0.8500158743612563,0.944920768055777,0.9410619093143231,1.0108698787873815,0.8036996793823876
6568.677281240343,0.9685386133408916,1.1667934609986241,0.9312424462522731,0.8914635157567359,1.1132723642427602,0.9914562867114829,1.0119457587923815,1.0011501347256566
6568.69493294426,0.8290614978188108,0.9683571307520615,0.9761255905350392,1.0014734017567315,1.0528824839334119,1.1421243498152982,1.1663344966226106,0.9983268090709108
6568.712584648176,0.9359597843651797,0.9893141224532339,1.029919402823571,1.05642159904904,1.0661425481850209,1.1007257787267015,1.1402023515137916,0.9429655416233846
6568.730236352092,1.2168776667509034,1.1523871754651986,1.100557650654054,1.0777833117901219,1.1222492822360273,0.9262179164657579,0.9931885164388529,0.8358165070325448
6568.747888056008,1.067072639044767,1.0584585570767915,1.0252506466407885,1.0675692532465422,0.923453151933395,1.0930360746888623,1.0199932019680915,0.9635341890738051
6568.765539759925,0.9705389758097595,0.9606642791035573,1.0425859648165066,1.0605515578536733,0.7977858781316232,1.119160598908219,0.982034923531322,1.024393688345305
6568.783191463841,0.8824806092322133,0.8460639330878856,1.109153795895515,1.0531146625077625,1.0,1.0778151952643358,0.9132851115515324,1.0575101460667582
6568.800843167757,0.8674866842283866,1.0709045654244809,1.0352650432037485,1.0682711414115398,1.148037100361173,0.9570102743221774,0.9586040214448923,1.0190671359171342
6568.8184948716735,0.9990838615819847,1.1831151895040495,1.0137378742840717,1.0478638420138904,1.1499290827729807,1.0111145910462744,0.9861937372098478,1.0107794979017364
6568.83614657559,1.208276203036895,1.248709507421347,1.013231755037612,1.0108344918495287,0.948162839083042,1.1490173651985534,1.0103223606512823,1.0144219468711941
6568.853798279506,1.020602167678222,1.0193775051327412,1.0344457392756607,1.060469294542824,1.005927591621186,1.0178932180809324,1.006759106205265,1.0334134958955028
6568.871449983422,0.9382761539242827,0.9341136457768016,0.9629117003445352,1.0300383790565668,0.9456963836837027,0.9432803387978714,1.0374530420544215,0.9841001901492931
6568.889101687339,0.8924624816126608,0.9097682338979601,0.8550275973225254,0.9680000391033541,0.8487811242742235,0.8851564582530269,1.0782302098777492,0.9071107027097701
6568.906753391255,1.0688723840048073,1.1758360935526424,0.9002758876225747,0.9410263263142424,0.9228321515872129,0.9141788836933757,1.000662044471998,0.909477357914413
6568.92440509517,1.1046800225410087,1.1051013897978421,0.9982014605079169,0.9646579328830515,0.9713747242210693,1.0070482047011329,0.9875195521731883,1.0311200835472965
6568.9420567990865,1.100147268145093,0.9356084111219305,1.1164519952618472,1.0124759782073574,1.0162469644158338,1.1120264272406564,0.9939754274301517,1.1800327084542113
6568.959708503003,1.2224224354988418,1.2183023383790004,1.0762123055366113,1.1159858005719956,1.0418233370604846,0.8995384233592577,1.0031424520220316,0.858257073654459
6568.977360206919,1.088793703726282,1.1250710974823743,1.109788115713311,1.0419972399586672,1.0031255362062337,0.8882454352069556,0.930551735218714,0.9154650208001146
6568.995011910835,0.8906660932958376,0.9405328026978724,1.1325867398275158,0.9214718273049083,0.9448699021564131,0.9333949453990595,0.8496111530063903,1.057797004636392
6569.012663614752,0.9226444721661193,1.026095364177871,0.739469712842195,0.9443071895064928,0.9056984109487286,1.0150865361837438,1.01327402735876,0.8670102671753183
6569.030315318668,0.9024550991803074,0.913437450351223,0.9162946608939659,0.9775423593578212,1.0170332674484315,0.9542457790396218,1.0019350944662393,0.8979868604122772
6569.047967022584,0.9031578859599105,0.8063509387485917,1.1989221144450548,1.0095760487934584,1.1439091209910273,0.8647350420973878,0.9488318542405558,0.9938781591667102
6569.0656187265,1.1644218407187636,1.2551749552878178,1.0737354235897119,0.9431298978567598,0.9995856316897893,0.8557373850785377,0.8974022712274903,1.2468023422201922
6569.083270430417,1.1725452070027287,1.0361257577982377,1.0434588591229945,0.9685450518478365,1.0378036103668185,0.9168445728633839,0.8331933240097915,1.1283403554159335
6569.100922134333,1.1161451648572052,0.7477205547296657,1.0166297178611627,1.023989258787403,1.088914047250803,0.9929147674589646,0.8059592522986749,0.9521670577931498
6569.118573838249,0.9821213409318008,0.9909106270329364,0.9265514047333332,1.1586903448217063,0.99621651460303,1.0456216702052883,1.0798651322980704,0.9594011324286178
6569.136225542165,0.9022684315433598,1.0201799222707602,1.01139750255466,1.2284011596449957,0.9252200356377391,1.0371518661580121,1.0486142955278526,0.998765741839521
6569.153877246082,0.8711345499783744,1.0347153820689907,1.0820191878642107,1.2351360339143904,0.8738354620535334,1.0184494650929177,0.9793331653393761,1.0277086261108372
6569.171528949998,1.1038833597239113,1.1075274634750452,0.859120027243393,0.9159421664763385,0.9060978952351534,1.006511659399391,0.9494210876206154,0.9127717170312633
6569.189180653914,0.9391954858180132,1.2346585550992408,0.9380508366270792,1.021266376416794,1.0268334848976635,1.045395048618498,1.1403228378386663,0.9826448289444901
6569.2068323578305,0.7957137146074492,1.289721938619717,1.0573292477804084,1.1035940874302719,1.1232992276995717,1.0758473382720306,1.2748627488493192,1.0590345234892726
6569.224484061747,1.0202758626280608,0.9564463234451113,1.1963896421715443,0.7902546690703278,1.0733890154227919,1.021173968052965,1.017935068477969,1.053239600611034
6569.242135765663,0.9248916401208086,0.9610583867129208,1.1557631168464515,0.836280006019173,0.8832214269353756,1.08414912170288,0.8455082016503142,1.0309206311465413
6569.259787469579,0.8800726613587804,0.9925830483985671,1.1059687473676505,0.9169349829541186,0.770118283389301,1.1353734010311833,0.7813280406801046,1.05855144047718
6569.277439173496,1.1803606897580212,0.9957727508021984,1.1162867050262795,0.9947982105406394,0.9884419838905492,1.1024659525981015,1.1169715246993732,1.3326800106281949
6569.295090877412,1.0070107040701188,1.0297041881583697,1.005471561356753,1.0490564647138263,1.1730031568079542,1.1036069411406064,1.1188610278025881,1.1470475233488613
6569.312742581328,0.8724829345663753,0.9827750708389361,0.9561719722081148,1.0159358832025027,1.242285784472106,1.0584866789159884,1.0705610732063382,0.972467524767515
6569.330394285244,0.9809129678283652,0.6208366676914712,1.1254011772715025,1.0,0.958046673494365,0.8336869847800148,0.9301966490464697,0.9270445613822269
6569.34804598916,0.8480990258407695,0.89363145434115,1.1704323367750216,0.9071680548166327,0.9008815895511357,0.9866691940688251,0.9351891180364499,0.9389117895238824
6569.365697693076,0.7871360321335993,1.0587978263574318,1.1188070709714182,1.0918364215546839,0.8898918428784846,1.0557301135874693,0.9614051082150434,0.9721619903025651
6569.383349396992,0.9428915760416221,0.8371459463515706,0.8066165114493321,1.0923664652824945,0.9731018244077173,0.8473065936310535,1.0454957175897546,1.0514733366008722
6569.401001100909,0.8912936322944146,1.0926550527716248,0.8988274013767826,1.0189290017653703,0.9614516652041826,0.9873096951248761,0.9005709369987831,1.0758355751770716
6569.418652804825,0.894762934599024,1.2310175669838326,0.9777009571621667,0.9850925082027373,0.9814671738064681,1.0496914885720219,0.8354602849497546,1.0653378449310384
6569.436304508741,1.0315388166404011,1.1227602940472288,1.0267107110663696,1.0303313701094954,1.080170862450696,0.9387260238316417,0.9347862612305022,0.9792031503926136
6569.453956212657,1.003094499610526,0.9538868711074486,0.9073360625518698,1.1231714489468658,1.0528830385579309,0.9114253845926625,1.0429361386341323,0.9971239113760845
6569.471607916574,1.0007482362845623,0.9275494113244954,0.8552155464856526,1.1149367674902322,1.0338598245163246,0.9086632682579481,1.1043861763641842,1.0146421643611574
6569.48925962049,1.0513898264713946,1.1625264583560309,0.8958812535025316,0.9120820415462221,1.0269388994234676,0.9436576078760379,1.1004338153560753,1.0331668797363933
6569.506911324406,0.9776187883565377,1.0600782595656075,1.1377549589192195,1.0943133937565237,1.0534632089134932,0.9970474788891074,0.9997912705331748,1.0406527209909902
6569.5245630283225,0.9909484364664516,1.0121519505427403,1.2019362783113252,1.0742032793229468,1.0051368847328952,0.9980560089705427,0.9354235792490344,0.9898608727852612
6569.542214732239,1.1338698852854567,1.0377120105815836,1.0129131824697233,0.7581324457212479,0.8350932413903694,0.9220042777736461,0.9060176842091443,0.836688673557705
6569.559866436155,1.0372242455375436,0.9138927018989065,1.131536907055747,0.9197457696862132,0.9848487778007601,0.9818605446391464,1.012139619763731,1.0217673611106648
6569.577518140071,1.0531883157087394,1.011295724513483,1.1296566654890041,1.0374590050850072,1.039265645882269,0.9393631755699039,1.0437247343036278,1.038954241670332
6569.595169843988,1.1952843524273302,1.3895846936985603,0.9941047632770934,1.1395880249752774,1.0060275869925583,0.7716772263193132,0.9964112853995456,0.8760897268713332
6569.612821547904,1.125895453323531,1.0104574480093342,1.1263833627915985,1.029352652857591,0.9335499526398459,0.9614467067921695,1.026941409028937,0.8861555505534261
6569.63047325182,1.0354468708147688,0.8593116023888373,1.0164760024170985,0.9681200683980856,0.9090500569610614,1.0469809994818242,1.0580672404220295,0.9115488736408706
6569.648124955736,0.9104333840239931,0.8692635214454714,0.6760489444377218,0.9362907374191061,0.9227500251898842,1.063374920885081,1.0977256473211,0.9532822657537138
6569.665776659653,0.92614438741377,0.9678645566307893,1.0836549368883555,0.962822293030006,0.9527259831298547,0.9571427364241715,1.0362163668613489,1.1669974976417545
6569.683428363568,0.8554954722504791,1.0591238651744472,1.09508313591674,0.923312411478641,1.031825724746516,0.958713309166048,0.897151172675459,1.1551860865087937
6569.701080067484,0.7249324149908485,1.1546202804510282,0.8518333311593894,0.8350420319874106,1.151716233176117,1.0309941770876923,1.0,0.986081553476831
6569.718731771401,0.9628216169342396,1.1044617876275884,1.0794819195687682,1.0982347433840893,0.9860927956915715,1.0108602995914766,0.8919852357681177,0.9973666637341912
6569.736383475317,0.9641650288665184,1.0834436516600345,1.0378044180049377,1.0682020386430784,0.9818325393321004,1.0278655734811366,0.9769358762565951,0.8632366792784105
6569.754035179233,0.8473962336523482,1.0673528107207118,0.8626075326002355,0.8863823922781645,1.0555214484897737,1.0620833097657403,1.0152643825497176,1.0
6569.771686883149,0.8688460493300012,0.6718786438221843,0.9527659981208488,0.9244461624978473,1.0589418671385646,1.125281436543271,0.9812104320022071,0.8848432931174969
6569.789338587066,0.8965040974633266,0.7721266862152621,0.8973947732165369,0.9155251175240742,1.0012385743933938,1.036083922078987,1.0424611318510337,0.9579564268023862
6569.806990290982,0.9325211519559623,1.0683368432713727,0.798270314757032,0.8945950008402735,0.9214865685010103,0.8884180284237451,1.1383733924282655,0.9846923453882782
6569.824641994898,0.9584854985352722,0.7615807312164417,1.035712704078857,0.8478907696627835,1.0932386632195192,1.0357170516292284,1.099861196519166,1.1860739140980026
6569.8422936988145,0.9126549933939279,0.7282374101562689,1.0994921846086099,0.9681721545854303,1.1270192930149725,1.0754061234699366,1.0195922481819728,1.1116314019856057
6569.859945402731,0.8554484463818135,0.7718169647637745,1.1039383380055483,1.1345701094476601,1.1181884444209724,1.0796935106808196,0.9310425988707207,0.9552876985028403
6569.877597106647,1.0190222159054614,0.7606011237102467,1.004480742875352,1.0821643779276986,1.096789697442675,0.9671576141578984,1.0322029600450546,1.0213178119189434
6569.895248810563,1.0776605984750738,0.9183499251902475,0.9408150637196318,1.0644341816724685,1.0366959650112957,0.9663092595356826,1.0176593592073742,1.0546079355698568
6569.91290051448,1.1084302078609187,1.1064430054763148,0.9043750243668081,1.048028351244502,0.9639935777624032,0.99531245004812,0.980550517833727,1.0791474098216285
6569.930552218396,1.117423376049629,1.1309316226299748,1.085517907372658,1.0256163720858356,0.8644849548757771,1.039336566022914,0.9709769692872898,1.0330196340338285
6569.948203922312,1.009660295597339,1.1436623762240694,0.955151752288613,1.0339162863185027,0.931732615939375,1.0397868267528672,1.0126258573342979,1.0348223377158745
6569.965855626228,0.913209643877622,1.1576298229100204,0.8139125169126766,1.034437174981635,1.0220387094015517,1.0272869741309418,1.0399797136156246,1.0591677712776277
6569.983507330145,1.0814149196501792,1.2820456566909666,1.016698930536742,0.9094589796133226,1.0307045177552139,0.977486558142717,0.883456702011679,1.1964451200916801
6570.001159034061,0.9910675095690219,1.0613487224255793,1.0072683902955468,1.049379346581417,1.0116540965399352,1.0386413411037847,0.9372689831039238,1.1032331491675709
6570.018810737977,0.8788561930370362,0.8521064279544176,0.9788071289625975,1.1820023008141516,0.9806724021142481,1.0990881088185172,0.989521062671827,0.9936048794442575
6570.0364624418935,0.7896895254909546,0.9435835104951897,0.9817957326220108,1.1072503782129264,0.8984305032688579,1.076609994680158,0.8823617072552756,0.971105231878916
6570.05411414581,1.0084453415951866,0.9636244305564632,1.0331602460985543,1.0134079275229866,1.03676864363901,1.0975767195384138,0.934868322727486,0.9516590196916679
6570.071765849726,1.1452141688279731,0.9929773452714742,1.0493929653015108,0.9687582745973385,1.102400545347948,1.0838918704486713,0.938708527757955,0.9545041161872594
6570.089417553641,0.8437612474354942,1.0913402409570987,0.914252199137083,1.1467637637521337,0.7964879688368811,0.924797141391905,1.0,1.0447792338004922
6570.107069257558,0.963212069608644,0.9674330040247082,0.9171971717934142,0.9724321969026682,0.93305170690353,0.9590806133535434,0.8287007910309108,0.9756361008078421
6570.124720961474,1.0640511533184656,0.8656328531078066,0.9281369337698282,0.878282625135145,1.0744713109217705,0.9738419551299927,0.9353894660061817,0.8759243566617834
6570.14237266539,1.037710990610656,0.8489995299190841,0.9304507367638435,1.085093230713244,1.1852731399432164,0.8944472961143046,0.8497601034136802,1.0
6570.1600243693065,1.1561328845394017,0.9182956278231442,0.985308820763637,0.922044095004942,1.0674424449269642,0.9447012854602694,1.0250083874616385,0.8081660074295839
6570.177676073223,1.1893036389197258,0.9691891830223618,1.0420152610517883,0.8296947746805591,0.9879684385918535,0.9847525590383742,1.1513546925180498,0.9551813375838434
6570.195327777139,1.0239800919223856,0.975717151825465,1.113220990854716,0.8897092032338674,1.00528575168984,1.0027038104647334,1.1772909890004541,1.169766704084681
6570.212979481055,1.1195732694972178,0.9973148482206707,1.0675773750498028,1.031802665630276,0.9546132138853153,0.9733849040301316,1.145325982455397,1.0458045721858227
6570.230631184972,1.1075021558801406,1.0085365822186554,0.9586913918696943,1.0402844511770244,0.9221865646643378,0.959000610627261,1.0216779294276104,1.0469965994253336
6570.248282888888,0.9153062824715942,0.9854733180069826,0.7187779712930887,0.8270187177661179,0.9086724166322324,0.959291466377039,1.0,1.2639965652154759
6570.265934592804,0.9100939111051687,1.2184704318836665,0.8944834161320111,0.8045363438371395,0.9942524505602294,1.056651801841046,0.9562498965851988,1.1008623585403532
6570.28358629672,0.906310515119342,1.1983114766021685,0.9486752847956349,0.9233896180023587,1.058158376680872,1.097577949065383,1.0533145696932387,1.4374089500148748
6570.301238000637,0.9046120304300711,0.8556532532028784,0.854807485352709,1.2438325200334812,1.1120902459156006,1.0830918474905558,1.0035507395496455,1.0
6570.318889704553,0.9821992893832836,0.9839545214423759,1.0621755330821314,1.0959227503935456,0.9812062245110112,0.9201301157162631,0.8287229678255704,1.0
6570.336541408469,1.0457957632801398,1.0006647119970766,1.0769136363655196,1.083111708866763,0.8833659703465666,0.9716771585060677,0.8362765839725195,1.0054602247822582
6570.3541931123855,1.1049404223836086,0.9340091928345776,0.9185162069421685,1.1792267009174366,0.7894090526852631,1.2230232950183502,1.0067390350814918,0.8795563257533412
6570.371844816302,1.071325466766443,0.9143698866498688,1.0561690372016144,1.036624021920745,1.1833949768866572,1.0853467393782508,1.0494490947405613,1.0624440832066957
6570.389496520218,0.9730440065150667,0.9126883468695122,1.0349141775104127,1.0258056381035745,1.2382275042089332,1.0173711382429225,1.0596624351965076,1.1116183044956116
6570.407148224134,0.8217988492471308,0.9253346965372589,0.9146145354204525,1.0963260467228013,1.0820963660530594,0.9776461816840034,1.0420041549194454,1.088896688904263
6570.42479992805,0.8997153007755064,1.0033401811027982,0.9684712266778536,1.0458506562646621,0.9652617858521486,0.9337537237464459,0.8856902153837726,0.9605180875715449
6570.442451631966,0.9181138436020994,0.9331153918738256,0.9302718621577784,1.028129698474186,1.0660304304364892,0.9861084705970883,0.8865745625535841,0.8416833986450571
6570.460103335882,0.9176386930496838,0.7930189650675274,0.8544778676901296,1.0236004972229136,1.2723504839991937,1.0871538415116528,0.9649046640970048,0.7285068822961785
6570.4777550397985,0.977976857277209,0.9718507682407719,0.9594131744658113,1.0874791315948829,1.049406752342554,1.0769016406495644,1.044939953418638,0.8864670033119835
6570.495406743715,0.9273134168254495,0.9159397253184782,0.8746113725999147,1.0108718813737074,0.9454106078540584,1.0600971905946146,1.1142821789456236,0.9185886804164815
6570.513058447631,0.853468964099835,0.7883501627272783,0.7412720173706608,0.8993205221233387,0.8830132739344203,1.0363888560063403,1.163278343687145,0.9114235660981453
6570.530710151547,1.1018266959380183,0.8098625880819307,0.9433922526011289,1.1244608054222867,1.0085707339314942,1.0351553571463243,0.9601852118213621,0.9037053978968659
6570.548361855464,1.07401912556937,0.9115647715213989,0.9666617493415037,0.963623499743749,1.035414545397973,1.0018680563524451,0.9668191189581825,0.8757190536833245
6570.56601355938,0.9881279213855393,1.009815329512467,0.9587441941514795,0.7691515028960403,1.0493294977715921,0.9649181596110373,1.0086326414985989,0.8603885746840753
6570.583665263296,1.0298304372362965,0.7977987636914291,1.0616830877953825,1.244757032471365,1.1529311484861555,0.9463700661650982,0.8588380285837496,1.013419781363174
6570.601316967212,1.0260097148231018,0.8047660472148572,1.020612590051472,1.1123925905873155,1.1556004491712688,1.0735390785922037,0.960780604176222,1.0677396726297397
6570.618968671129,1.0147165793837967,0.8682270543879771,0.9904374135814873,0.9270830681136228,1.1271297682863475,1.188524823920674,1.0994648159855456,1.1009376300352218
6570.636620375045,0.9943845396176334,1.0270019185699968,1.2155622808857272,1.118585451874275,1.0501306909316535,1.0724429046429125,1.1935228547860273,1.129559164483665
6570.654272078961,1.011793822070417,1.1322345299589913,1.1477395686220917,0.9858075580675371,0.9220723868102876,0.9465820243911119,1.102082219603682,1.0467730436802807
6570.6719237828775,0.9780483378021649,1.1661513745531122,1.06026639935257,0.8549973102328892,0.8343056027428659,0.8568041690951029,0.9922807726754058,0.9726340068058202
6570.689575486794,1.0,0.9290751501175374,1.0306116579969313,0.8784506485818727,0.9294884652126105,0.9173179792327715,0.902965413397302,0.9841492918596682
6570.70722719071,0.9743016262717771,0.9066376134000003,1.1170882466564127,0.936859744485945,0.9898806081146825,1.0149556822144017,0.9581533470029038,1.0860982946748146
6570.724878894626,1.2311023684635258,0.9311118899192078,1.1785663331795542,0.9612062040400078,1.033089349681105,1.0670821631602665,1.0201936126738003,1.1102009291968442
6570.7425305985425,1.1271872747252716,1.0230589003210881,1.135476779574162,0.8743527758357623,1.0254250441204755,0.979964714538843,1.080120310622597,0.8504625653209008
6570.760182302459,1.0691898092781689,1.2517637866778044,1.1386306997328637,0.8162001732875935,1.0784554817566854,0.9140564535932898,0.9941307242352647,1.000473403663212
6570.777834006375,1.0001099894198955,1.2952481840056609,1.1100977883855154,0.8108855530832151,1.0652958529116001,0.8919370092206309,0.9524989899837183,0.9993117321947509
6570.795485710291,0.8926656864082975,0.8949493718587611,1.0048301170136917,0.9008041744524561,0.8963720111812218,0.9513848198878577,1.0229265195223722,1.0
6570.813137414208,0.939925549244071,1.0727424136821255,1.0082042012221228,1.0796366561972566,0.9042900424192442,1.0471337464413084,0.9662665694343953,0.9230177721460886
6570.830789118124,1.0126650388787002,1.120830950650966,0.9678640210515495,1.1707978091990494,0.9704015303054304,1.1419218593970286,0.9902093869997691,1.1047654696510822
6570.848440822039,1.1379982378598217,0.9628345642345187,0.849817660090144,1.1432542493696618,1.1505870930813331,1.263423260742853,1.1540506467844454,1.0578082724086235
6570.8660925259555,1.087104139448361,0.8897748019663316,0.8626090291111601,0.933696457687163,0.9657008758219012,1.0184955677115721,1.0821993533147984,0.8733368329107323
6570.883744229872,1.0211220062681623,0.9297710640894152,0.9083096066874222,0.9472697876329286,0.9255259440851766,0.9433884347671677,0.9880618344708104,0.8554367203285289
6570.901395933788,0.9306454389622487,1.1063017846080094,0.9969294097874231,1.2252304478611389,1.0418797915694498,1.0465282032786531,0.8466219645614951,1.0288529008987386
6570.919047637704,0.8230770558286763,1.1404906860526278,1.0777649590306433,1.0266003808476425,0.966088313259119,1.0348447522072104,0.9955356836086372,0.9708827950211116
6570.936699341621,0.9174286254739233,1.1229760624318754,1.025671808158026,0.9758049874661626,0.9269572792212617,1.025299555631194,0.9834772259532373,0.9421875813055063
6570.954351045537,1.1856724622195278,1.0552189602034776,0.8586497868095044,1.0240182042432477,0.909047922833013,1.0113414235978744,0.850983827358051,0.9261077369736427
6570.972002749453,0.9705802913150768,1.0241195650460098,0.9470400478205689,1.0154644350746143,0.8572468388998948,1.0949731574624122,0.9523556894670296,0.9419512806698296
6570.989654453369,0.9508425585226895,1.1071681546637056,0.9893824407449134,0.9747244074641193,0.9071198773762336,1.1045247221104446,0.9686659602249278,0.9852426848200376
6571.007306157286,1.0192757684459939,1.2535448766982056,1.0150468578968364,0.9146969204518939,1.0144654362284191,1.0751359253109098,0.946265571230415,1.0457490044943194
6571.024957861202,0.7709954040284134,0.9390142927624736,0.9313717777362894,0.9807481057541818,1.010422136840427,1.0498329869878709,0.9540682453811641,1.0177940764579596
6571.042609565118,0.9528101591879927,0.7941217254144769,0.9009914318573831,1.040653884917871,1.0114111797004974,1.0354295454064666,0.990948425585508,1.0495249807951477
6571.0602612690345,1.2687208447607476,0.7249656316225233,0.8847076194078288,1.0852273834769537,1.006045069544949,1.022195824499522,1.0339758905733056,1.0926431952028706
6571.077912972951,0.8971808995079792,1.0477953669341111,0.778142777999244,0.8023942221897615,0.9309118864537727,0.953900884116651,0.9170933053653517,0.960434228210025
6571.095564676867,0.9563197686946634,1.0552123569956842,0.8711588581526273,0.8378156672949524,0.9967243785568835,0.9246692477979077,1.0792158666376013,0.9256264772195928
6571.113216380783,1.090154193462378,0.9908000362140884,1.0071035317941508,0.9473184409488123,1.0819729622397292,0.9286739939129136,1.276116430579376,0.9325634787266451
6571.1308680847,0.9211075845058342,1.0423592916358837,1.0094870121706685,0.9759895419971113,0.966182357136853,1.1452545044463338,1.0884520474120167,1.1072915097593243
6571.148519788616,0.989071224531483,0.9720236606646596,0.987137837249335,0.844357368809882,1.0412399152346505,1.12445151705706,1.0594827062217846,1.0971349113296869
6571.166171492532,1.0473348172146515,0.9217130261290282,0.9650326731639087,0.7522227884438227,1.1238842320517093,1.0681048755035336,1.043602108104213,1.0576693841138398
6571.1838231964475,0.8042022684242338,1.1242008538439439,0.9978586169438995,1.098140970027935,1.0787212427157895,1.0446380303544167,0.9836849192005489,1.0570142977589125
6571.201474900364,0.8787669406293293,1.0661335764926754,0.9767641315119512,0.9938166381176315,0.9964890729641234,1.1028357616646272,0.9137961894897139,0.9909438537209695
6571.21912660428,0.9569401259838187,0.9932589453165112,1.005425136808034,0.889183411817377,0.9391669673550352,1.1336711439962064,0.8943366651668626,0.9603038423981017
6571.236778308196,0.9075497287985156,0.958563012495648,1.2829502443255498,0.9856498837065342,0.9959427717477721,1.0283244422476276,1.0649594923939125,1.0921334776843383
6571.254430012113,0.9648586160637631,1.0554228957161864,1.0730114193045255,0.8698347110696263,0.9983374244740539,0.9849202726398916,1.0955112013250663,1.0823241493679954
6571.272081716029,1.0053239012748356,1.0877958058293824,0.9534786046080891,0.8244573867725439,0.9913938712464659,0.9874293937388255,1.092684369845729,1.095587805705531
6571.289733419945,0.9841445002586602,0.9039576942465641,1.1722463933093321,0.9874509620309946,0.9637912627096215,1.1086739197311328,1.015474283596208,1.2130208331170664
6571.307385123861,1.0397308609772749,1.093739055262006,0.9428619047844394,1.0112534223730638,0.9833055292080293,1.0391358551918544,1.075235412293006,1.061150090655478
6571.325036827778,1.0309556098766588,1.1668664130246318,0.8592110757791995,1.0751724693332576,0.9782523855594972,1.0287375554473268,1.1320040035073942,0.9718039057647554
6571.342688531694,0.9028745370776098,1.0110049333187208,1.0762516432804388,1.2379919247990632,0.9305283787284402,1.1318393503381228,1.2004187535855961,1.000864823043846
6571.36034023561,0.8693983046615514,1.0797749925841444,0.7744225305757082,1.0753957147967539,0.8708458891623664,1.1255020275496677,1.0283470708548288,0.9839338423739383
6571.3779919395265,0.8954712884845041,1.1500116698273586,0.7504377731261672,0.9970149187750101,0.8925722870973788,1.077049003756984,0.927372252391466,0.9334322566279376
6571.395643643443,0.9965914368807998,1.2397617018268399,1.0680649680230672,1.0072239928430597,1.0195406927483541,0.966695829633979,0.892824367144443,0.8290314890761928
6571.413295347359,1.0801452091723407,1.137599828040678,1.0645611843397957,1.0954221996024036,0.9952405770934655,1.0200341227566605,1.084500149220061,0.950540422218746
6571.430947051275,1.0860327868830073,0.9605275218721006,0.9890051216695656,1.0599672562559637,0.972814785150422,1.0465097830349568,1.0530237756229366,0.9791238667337406
6571.448598755192,1.0287870134999564,0.698438091361705,0.8339461601592559,0.9206652156148828,0.9423816935234155,1.0618878433381416,0.8365714501525277,0.9368660659016643
6571.466250459108,0.7765647342901514,0.9162580438706017,0.8955964731906947,0.9713742242107455,1.0541662530402478,0.8573337848311969,1.0617428440594288,1.01494557027061
6571.483902163024,0.9139510705242953,1.0513549609677386,0.9176966914841443,0.9273592565525172,1.0578161244411224,0.9585762521353766,1.0890998996636116,1.073636188954268
6571.50155386694,1.2643118745472193,1.1583750349299977,0.9288986201575039,0.8401052277397858,1.0085541839752417,1.2194313559072463,1.0223544350394107,1.1225639397679619
6571.519205570857,1.1261186629753297,1.1019345108308987,1.0402173685121945,0.951772994430819,1.1850031532000331,1.014048449978405,1.0572277643669348,0.9650945456788084
6571.536857274773,1.0410397369641005,0.9900689489121938,1.049753207450925,1.027783533746505,1.0867980663778964,0.9386355142799888,1.0399234169565992,0.9857361209982017
6571.554508978689,0.9701640332786636,0.8656363066470723,1.0096014555808395,1.080892918268519,0.898599276788691,0.896910965437035,1.0042868791008934,1.0616945459949596
6571.5721606826055,1.0988724748581467,1.0231236015083764,0.7746230573827588,0.89782639104671,0.8935579336738735,0.8424549328844743,0.9397832834178178,1.0043561002155137
6571.589812386521,1.096958070925054,1.0007970306276228,0.8954946300413597,0.8496722967978267,0.9663171977528917,0.90743939311748,1.029901381985082,0.9524386306881543
6571.607464090437,1.0527970726642035,0.9617922946399455,1.0869951320574496,0.8481202118564181,1.0615173304339072,1.0172697570671478,1.1384195551460823,0.9122110278297302
6571.625115794353,0.8978427835067453,1.1333787264042396,1.1209046599436736,0.9887625689341428,1.126129749040126,1.2562641184013703,1.0702901143087462,0.9702420413785493
6571.64276749827,0.9579430223357053,1.0133825172120832,1.0765258218888294,0.9155784042192712,1.1029260563591639,1.0895885032713648,1.0884058881204832,1.0396969604360733
6571.660419202186,1.0034357590185619,0.8807311838270624,0.9898790776900851,0.8463074565355152,1.0358681247812789,0.9080945448665217,1.0916719124401695,1.0651176755128522
6571.678070906102,0.7709951908391807,0.8929945447240358,0.7319539592009376,0.9359821851085508,0.7945752920541627,0.9502106246153544,0.9685733226136264,0.8466002510305608
6571.6957226100185,1.023015385697777,0.9532791352975057,1.030174793210716,1.0453562370776563,1.048718924174922,1.0177186468634982,1.0037522553512719,0.9465778899117165
6571.713374313935,1.2029826789269389,0.9744057540355289,1.2355242606348515,1.0951879717237443,1.1997645993250967,1.0754613755475875,1.0326230106381171,1.0246063578043472
6571.731026017851,1.0429660419367952,0.8495989402394117,1.0188042335361815,0.9328880823147179,0.8996270469451474,1.1089702744204055,1.0094739491011087,0.9511111535856834
6571.748677721767,1.0344826509930145,0.8620284449754926,0.926301672233198,1.1046482844141507,0.955920878456566,0.9729007727262271,0.9495032639132108,0.9584742443958608
6571.766329425684,1.0649034869610554,0.9410941635129659,0.9164282042835297,1.1813105364393925,0.9888606482991448,0.9439747278279644,0.9205859391441481,0.9948629650876138
6571.7839811296,1.1946021494447014,1.1449930366359173,1.071262252770472,1.0521977243353695,0.9418847095248659,1.1557032813255177,0.953563257953781,1.0853066653341499
6571.801632833516,0.9234012850862466,1.2815574620018928,1.0769546924578115,0.974106750064222,1.0577288125972957,1.0319089916665491,0.9732914266254822,1.148325111759204
6571.819284537432,0.9352176701136146,1.2629600199320274,1.0628117034000708,0.9847909224865691,1.131804438564786,0.9965472662793775,0.9863238204210044,1.118591958603166
6571.836936241349,1.0,1.0386834392778077,1.0231106630025941,1.1236322424032907,1.1736852528656936,1.077492437586698,0.9897375707238554,0.956319767888248
6571.854587945265,1.0289760229391445,0.8559825291813379,0.949150838548642,1.0485688132604425,0.8847238654200446,1.0396363449352546,1.0063181845168965,0.9752057956109247
6571.872239649181,0.9198379897337726,0.75838555658763,0.9226625617666835,1.008564030495729,0.8205705763829185,0.974706179620263,1.0250750019934642,0.9922029614089105
6571.8898913530975,0.9683626344892808,0.7263881196788937,0.9366679106347848,0.9913864463353885,0.93829889020072,0.8754947717606982,1.046687303264552,1.0141947848447168
6571.907543057014,1.042061877194357,1.1213772563100175,0.9141881501279043,0.9087318564650122,1.0430559810104605,1.0555152990068026,1.0612917887039732,1.0760834179084813
6571.925194760929,1.0773353761027635,1.2084641562575846,1.0098302989054193,0.9586216281380531,1.0476522450315062,1.0022946134293538,1.0129903323679148,1.053850982616876
6571.942846464845,1.0911789036061417,1.1334762285422677,1.1708310753901257,1.0827651306259145,0.9943668750102441,0.8294864144276238,0.9290915097014654,0.9841497613006853
6571.960498168762,1.046333895992199,1.1618764412175155,1.103499421343995,1.0956543096971803,1.0014542401461868,0.8919661767116639,0.9650780087129947,0.9814679763167609
6571.978149872678,1.073475332955915,1.1698578985783907,1.0786677396135922,1.0442920836194305,0.9803248110155633,0.8753525797962821,0.9476266335073152,0.9990181623945797
6571.995801576594,1.0995540161794959,1.1502659991840607,1.0424819761985262,0.9700850404403347,0.9545369413928957,0.852318587294757,0.9193301998267065,1.019875265692808
6572.0134532805105,0.748815412238588,0.8366640223088302,0.7507027284456007,1.003193354867817,0.9849439949407727,1.0338007181644229,0.9454791531860357,0.9289782832851707
6572.031104984427,0.804589230597122,0.781536543533874,0.7610229438266664,0.9788845918922904,0.9874604781611629,1.0041986706549444,1.0239074597523892,0.970203878428552
6572.048756688343,0.9441731188934162,0.7867136068477447,0.8540162782507104,0.9461131951775563,0.9768789316297329,0.9459491678943507,1.0805933310273403,1.029600994113102
6572.066408392259,1.0247011436076472,0.802604962976788,1.032608954768258,0.9301545425309922,0.908157198921905,1.0264431987930809,0.8859355970343087,0.9981500510924388
6572.084060096176,1.002668313421776,0.7619740103731516,1.0083478506499257,0.9248278154570627,0.9358609425573015,0.969908748522073,0.9215798374838539,1.044634994336284
6572.101711800092,0.9601379994560221,0.7417659671963401,0.9487859110465416,0.9430626392852477,0.9803393905236741,0.9329976619448135,0.9793087997413541,1.0614276751950062
6572.119363504008,0.9014277342430248,0.8056820432000145,0.8365511107480962,1.0430471896773919,1.0317906881569985,1.0612983766801465,0.9975071903648307,0.9004701877849322
6572.137015207924,0.9037927765449524,1.0324876766051512,1.023259713918608,1.1059320820124685,1.097055571256798,0.9509005398499573,1.077602839728271,1.0067265791055575
6572.154666911841,0.9141089516363767,1.112845759780542,1.117617991732337,1.1084217873782056,1.1474430263590076,0.9104775524090524,1.1116409772847908,1.073800863248452
6572.172318615757,0.9261994135066833,0.7592912210120134,0.9217352790496316,0.9475933999818094,1.1806049771161065,1.1088063999360893,1.0155986875076346,1.0046714636626157
6572.189970319673,0.986101239490094,0.9567663912485443,0.9039206627351272,1.0593588761256063,1.0330563496024545,0.9242523560774503,1.053410499850163,0.9324000870380889
6572.2076220235895,1.0442092158781395,1.085624349347505,0.9663053883878385,1.1039921993675181,0.9638718672868021,0.8472445853673877,1.0776509848202132,0.9101044070773523
6572.225273727506,1.0991654826392634,1.0991972055724097,1.178143077293669,1.0394917062140734,1.020679454027884,0.9497215455747761,1.0846164338101338,0.9585689140854803
6572.242925431422,1.1956810470605528,1.0877222478458388,1.0256595591524393,0.9628870818307899,1.0845747364496183,0.9620899054324478,1.0162024959823182,1.1354263256980988
6572.260577135338,1.0432062319294888,0.942478396549714,0.9836847843520874,0.9217056224438788,1.0416461744062044,0.9804398836468117,0.9535128310902101,1.1144618587722739
6572.278228839255,1.0,0.6326108489163096,1.0504233029370624,0.9151184587955792,0.8832421984116154,1.0070028971396034,0.8869187787624022,0.8844951133234882
6572.295880543171,0.86968413711876,0.9429585417328393,0.9710707100866385,0.8951765047076722,0.8794315558948436,0.9057320189221829,0.9906967197684141,0.8450360351727423
6572.313532247087,0.9729722747512037,0.9170484494168764,0.8948434094708292,1.0284807245565182,0.9456514431431773,0.9321494198914158,1.0661888501237016,0.9129164451320515
6572.331183951003,1.002026414740207,0.6955845182555151,0.8163820574904652,1.2628210696477296,1.06634862960911,1.037200672886369,1.1304398411308934,1.0601977688915332
6572.348835654919,1.1194245868992265,1.1486862704041396,1.0169524022954475,1.082213187649836,1.1416813213342052,1.0220348867289502,1.100282926061545,0.8790709083608124
6572.366487358835,1.1831214782328967,1.2492073652854632,0.9958013157060072,1.0818261887031395,1.2276555328748269,0.9994539239792815,1.030615626292238,0.9493290431836104
6572.384139062751,1.200726394331455,1.2116752470622956,0.8999054081530218,1.135577651142656,1.0,0.9718893037369948,0.951199268155283,1.0924779565903304
6572.401790766668,0.8232752340774009,1.0301436886100976,0.9898275961208874,1.0864778902475092,1.0306137102975506,0.9909380043345277,1.063666637808403,0.8362537099078138
6572.419442470584,0.8299771219672424,1.0547601795484467,0.9815386081215105,1.0269903067493038,1.031042934005461,1.0105453160851632,1.0472134864545262,0.854588774062024
6572.4370941745,0.9265498054467656,1.120153430988047,0.9589354048155689,0.9738557199254158,1.0624406108892088,1.022092856867263,1.0008114220969433,0.9258257774133347
6572.454745878416,0.9876762405194598,1.095263801126418,0.9943481684357657,1.016084490266655,0.8477045716479854,0.9686991278586011,0.937249464117808,0.9032618554190096
6572.472397582333,1.0092942120029105,1.1368400609163667,0.9617283327282544,0.9706233528500683,0.9413149361176821,0.9438630513437848,0.9961332040750589,0.989557202500414
6572.490049286249,0.995423317753467,1.1239400090341274,0.9577013688922895,0.8939916282357995,1.0374926510887845,0.9377877861864881,1.03075958188407,1.0316633190715332
6572.507700990165,0.8493116227988992,0.8133669351850404,1.146830880675287,1.0,0.9758895766253584,0.9981878727412169,0.8712331891941252,0.8215736697331132
6572.525352694081,0.9461642039111305,1.017261041406116,0.9382073492715787,0.8573247889567694,0.9220322390774781,0.9839675450161981,0.9848115105660193,0.8438474343261775
6572.543004397998,1.0099947711100914,1.1442928579106868,0.8163043554635829,0.9943025685900582,0.9032421018198573,0.942023762974014,1.0553397177507144,0.9587561432976632
6572.560656101914,0.9305806352620885,1.0081716743694409,0.9953096871811911,1.0444960969587442,0.9464197968993562,0.8179404908856953,0.9632365404329736,1.3068589857165425
6572.57830780583,1.139245326501888,0.8477388072662987,0.838747331119753,1.0210949606141817,1.205702239101048,1.0057882899617097,1.0930892043435827,1.1177643676968112
6572.5959595097465,1.1597759552611007,0.8535962701010139,0.813079558514971,0.9996060442034981,1.27075025836022,1.0697830394290841,1.1222982902761671,1.0008448267325445
6572.613611213663,0.8619969734531681,1.147327647234224,1.0095873126698283,0.9915487065796896,1.027849360489509,0.9299677362740892,0.9907090567976965,0.995607029783628
6572.631262917579,1.068354268857268,0.8803342883153272,0.8800922272210703,0.8452360285363613,1.050531632841629,1.0617386976416692,1.0009492119499994,1.0754176515703828
6572.648914621495,1.1301947664788619,0.8489511350008716,0.9077186928893508,0.8197994390766012,1.0540342068274682,1.0692200694459892,0.9730572601442063,1.054830275600539
6572.666566325412,1.0736686203665842,1.033320110718831,1.0852479639463,0.9050179042865961,1.050018828101891,0.9650999382284162,0.9108465972553047,0.938382692142595
6572.684218029327,0.9524099060271638,0.8856459192264915,0.8903044096123347,0.9619935493656,0.949304800415386,1.0084012617232943,0.9305052373258983,0.9566782963346354
6572.701869733243,0.8961725001854375,0.8792052527381943,0.8589627396123768,0.9795127402776149,0.9421912946199092,0.9804762138555251,0.9776131112904052,0.9173342308531199
6572.7195214371595,0.879941907862488,0.947552840936168,0.9142497504321843,0.9746325628560369,0.9892826782709568,0.9189190867312574,1.0439131267056232,0.8560297338804392
6572.737173141076,1.0642445377620986,1.1526991821206714,1.1328885196219218,1.0504671491166144,1.1349451714248713,0.9758281308834328,1.0634735133681654,1.1172849790485597
6572.754824844992,1.0228683074968397,1.075374047939297,1.1200961362416022,1.1291690692994567,1.103742198089649,0.9767809029078811,1.0357250816612553,1.1157618727517082
6572.772476548908,0.9188443817323697,0.9097080367595586,1.0224564983992108,1.1910755449928025,1.0101974869358474,0.9650198387540095,0.9872698709454766,1.0361406288553712
6572.790128252825,1.0099893566326246,0.9359773523368271,0.9106853287293878,1.036305663071416,0.9309264761615195,1.0026220596811837,0.937560761173517,1.095262905755693
6572.807779956741,0.8793564474181652,0.8105110825280183,0.819494174318782,0.9699978540121643,0.8939949830311092,0.963311019361737,0.9041333222973921,0.9734769587455133
6572.825431660657,0.7629327003757302,0.6806738272056108,0.7748024329990071,0.9440118656826589,0.8849911568968484,0.9049289830797598,0.8713085587269469,0.8602239515200999
6572.843083364573,0.9601010145386634,0.6474210926042598,0.9441914520576483,1.0655587950395204,0.9769347941746063,0.7988982312497038,0.7829748064859442,0.9940612253259301
6572.86073506849,1.002350447860508,0.8121717699867657,1.0364635541214449,1.047513252695484,0.937152387851969,0.9468714689918264,0.9749174425072278,1.0139894292418137
6572.878386772406,1.0165182794041903,0.955624972683641,1.0918648825664803,1.0100135279805766,0.9412257245756662,1.0723689976281063,1.1280365455575012,1.0032589974901276
6572.896038476322,0.981036448446398,0.9558000620172953,1.0565311941949682,0.9364678268702856,1.1345240172735087,1.0558550860762501,1.0651013365253816,0.9166366490647335
6572.9136901802385,1.0078133975972892,1.022711110584276,1.0341113452102129,1.0512107412189182,1.1346216319001152,0.9967781916568337,1.1182512721986222,0.9610545983609086
6572.931341884155,1.0742179859195249,0.9892480513478981,1.0541301408209984,1.1279869199691228,1.0322251975017767,0.9586083726315412,1.1144679937362862,1.0215314570554639
6572.948993588071,1.2265843394963027,0.7368533767740815,1.162474005929708,1.1315697020456659,1.0,0.9596695885788945,0.997726215925354,1.109293739957365
6572.966645291987,1.1741118604998404,0.910914387247985,1.1524376001489176,1.044688081762968,0.8620057911026363,0.9803976227074308,0.9560292292162289,1.1126290394564673
6572.984296995904,1.0519952081800592,0.9924698960505066,1.0320502416875603,1.0209772216496558,0.9705033940556873,1.0077324941322354,0.9567391186517361,1.1027712707713566
6573.00194869982,0.8367723227345669,0.9734359128414436,0.7613505684404276,1.0649967609319488,1.0585837694373288,1.0463392704909702,1.0094726812086363,1.0705227538020767
6573.019600403736,0.8166341524798068,1.1074835306606596,1.0242145397322941,1.143745590983161,1.0582641088236138,1.0167610659581756,0.980334093940694,1.1895287442277986
6573.037252107652,0.960296076637598,1.0472205678766497,1.1300436679858192,1.061183716347408,0.9968261112480641,0.9641636682173782,0.97342611365782,1.1429594016470657
6573.054903811569,1.2219163277757032,0.8594764924818838,1.1497397144366461,0.8716457679249254,0.889643757386577,0.8948994258784145,0.9765201179877584,0.9896401150152637
6573.072555515485,0.9367474706243893,0.9684870139425382,1.0779837437808797,1.0211173595293361,0.8910276883696622,1.0545896913243706,0.7869651921961436,1.0762548479259482
6573.0902072194,0.8822915616580476,0.9625379682160561,0.9539209287178093,0.9639366971228955,0.9881474829994585,1.0613695950765485,0.8489791134649027,1.0685083046525308
6573.107858923317,0.90819723134023,0.9503963358690576,0.8347154286383274,0.8559090055074654,1.1190345563961577,1.0157286381702555,0.9968597455866736,1.029583412121594
6573.125510627233,0.9874680237027899,1.4023124286756357,1.1620732709029238,1.0635167103771752,1.1131962409815082,0.9990064810079454,0.9597204797273872,0.9801950722142038
6573.143162331149,1.0531966601010934,1.2181801891674717,1.0937974027831836,1.0263114999600793,1.0501123484980055,1.0268684782262194,1.028567349762667,0.9908914075082904
6573.160814035065,1.078849559729637,0.9284334065338095,0.938801156107646,0.9449393927690118,0.9955867929767535,1.0469695231688048,1.0913995986357448,0.9953202063159409
6573.178465738982,0.8682045915518364,0.8519199564272771,0.7588720275074943,0.8726109459396533,1.125316707837626,0.9425633460956934,0.9904831438758218,0.8584723089404442
6573.196117442898,0.9039210399164803,0.9924951160747463,0.8073177823546724,1.0699835388931922,0.9942748314626773,0.9902718816766324,1.0497504821451016,0.9143435230521201
6573.213769146814,0.9393384405404762,1.0834298914673743,0.8985671037310878,1.1920272970283108,0.8765696201744264,1.0539529984275193,1.0978252633746024,0.9917172763446005
6573.2314208507305,0.8613820100256104,0.8640957548556194,1.0390278492504343,0.9489083522511405,0.8825450444148515,1.132359998747157,1.0712598090210528,1.0706585463563263
6573.249072554647,1.0146098102844745,1.1815705589645056,1.0497308218211197,1.0286827910274283,0.947989842494528,1.0394162690657973,0.9409151782586997,1.0870761695366105
6573.266724258563,1.1325427500001424,1.3023138608705849,1.1055895230287418,1.0371490273240285,0.9836363792087797,0.9971790174888022,0.9221216141116407,1.0858302780319744
6573.284375962479,1.1898186951862284,1.0043488741548197,1.2942362137263654,0.8674850558867554,0.944664489631101,1.0587423690497362,1.1405753527215061,1.060985755561738
6573.302027666396,1.0044239615897037,0.9772126958636237,0.9639008908974309,1.042056178371662,1.089701532670433,1.1237822044146974,1.0010841496386336,1.000510694484551
6573.319679370312,0.9643978630699959,0.9841912659551912,0.9592617349884367,1.1401489605086221,1.1654015367398565,1.0964276118757281,0.9525222819133818,0.9852923115580131
6573.337331074228,1.0847833390505195,1.0311076287262868,1.3256354933205288,1.1705334940585037,1.1741182988406527,0.9682374747346771,0.9919673055126972,1.0263586726297742
6573.354982778144,1.038709492682988,1.178788579871789,1.1565163225851856,0.96629935646583,1.05498622706274,0.8262398269856,1.1339562492510207,0.8592229599306093
6573.372634482061,1.0204474853645542,1.0606647302870786,1.011316263784979,0.9446107459408294,1.058961140968962,0.8926048517566998,1.1665992451510108,0.9025524443081338
6573.390286185977,1.013270037221756,0.7779469650203727,0.8623963135269546,1.0304356599215114,1.1325093072067007,1.0876176492442684,1.129411483973384,1.0723834301886703
6573.407937889893,0.9653652346010148,1.0440129047351807,0.8881240087662369,0.9657039698853717,0.9091700114047788,0.8668267378560739,0.9327005504913082,0.9433108566343125
6573.425589593809,0.9502410750585676,1.093246723967788,0.9651758860513794,1.0928183067560686,0.9215772243300101,0.9321029908243351,0.8961736193518467,0.9021399008480137
6573.443241297725,0.9434857371285466,1.0774077489225762,1.0503526579864089,1.2612716209150356,1.006065223272866,1.0670699993996733,0.9297417822886451,0.8874981126498057
6573.460893001641,0.8722740746934198,1.0657142269900544,0.8981400950457898,1.1251943552582873,0.9665079051878607,0.8996675115138677,1.123967755591581,0.8879609327978647
6573.478544705557,1.011029263792155,1.0373178468787214,0.9415004937301221,1.0567437777084885,1.0740495496897826,1.0016102512827563,1.0684591423416065,0.9920582549418216
6573.496196409474,1.1511249985973224,1.0050012962862613,1.0360950490956264,0.9940023548183907,1.1668609045643956,1.1234902734683616,0.9845834905183833,1.0909536420006511
6573.51384811339,1.0799440550645414,0.9757169687629422,1.2138563621421194,0.922579940404215,1.0580060223555598,1.114271532842748,1.004245624947652,1.0529456075877672
6573.531499817306,1.0667504408775776,0.9458843741576473,1.232512505789468,0.9086381080076541,0.9637300589696722,1.001144962096189,1.0573712253717817,1.01628076823435
6573.5491515212225,1.0214029397056408,0.8986946614819803,1.1543763420876356,0.907050183032131,0.8893050446071104,0.9602254744767512,1.0631650308435017,1.0085597121173016
6573.566803225139,0.8487796801074777,0.776158101023898,0.8234317494608744,0.9312405053000015,0.8690588876965066,1.1715896849451177,0.9050682779027044,1.099357636869164
6573.584454929055,1.026803674147256,0.9261727610011048,0.9374353384326035,0.8219052943130838,0.8243918985644684,1.0385345162923392,1.0332928321094668,1.0194761470787679
6573.602106632971,1.1445801185575808,1.0410775091263234,0.9855193599466818,0.9068367412337028,0.9093654341096207,0.9448401422352639,1.1113139523653655,0.9655945422599522
6573.619758336888,1.1661101237460232,1.103754443041948,0.9215571022482063,1.3348472357479524,1.2271024089643892,0.9114017899386382,1.1107446564148933,0.9567982227731655
6573.637410040804,1.097722683974819,1.021317960464808,0.7690519538193379,1.1606137151472102,1.0115119329048587,1.010819082872091,1.0275170641868854,0.9728819179065353
6573.65506174472,1.0525996107492128,0.9503208449262001,0.8745536488731194,1.0026841429996263,0.9623218123723941,1.021918292714158,0.9876044230164799,0.8772029710387207
6573.672713448636,1.0243013005141974,0.8810795013441063,1.2203104543537706,0.8334388318667549,1.0424132361096885,0.9563851066319261,0.9816811556780055,1.0
6573.690365152553,0.9983053177849539,0.9384268042442423,1.0350517514541733,0.9677778433934008,1.2232790694999407,1.1249213898005184,1.0481612577628476,0.9652735864316873
6573.708016856469,0.9748561413970662,1.0731422318120876,0.9907475276237827,0.9922257814419421,1.2471728988672117,1.0673580199600365,1.0725528346688564,1.0709466459927086
6573.725668560385,0.9542988348297341,1.2313494992466334,0.9943124827418273,0.9782955643206106,1.1887095411980624,0.911925389588607,1.0753244801529496,1.091799321377937
6573.7433202643015,0.9257682619222923,0.8799305743610611,0.9183441073305105,1.0827559233264894,1.0357499678129414,0.9837669098545017,1.0163045170651732,0.9702715332533908
6573.760971968218,1.072638510280539,0.867941667866259,0.827017102352011,1.1093737678085713,1.0464180676994754,0.9657264786306323,1.0200547267366487,0.9784713984663318
6573.778623672134,1.2121145797460404,0.9022464201190805,0.7694102671596957,1.0832457813487877,1.074298153158421,0.9396748261569434,1.0501782599454066,1.0219139206830203
6573.79627537605,0.9085333317881545,1.0,0.9895506806488197,0.7960970193747438,0.8537979835584326,1.0031310759389556,1.1644595951032541,1.0863807184426333
6573.813927079967,0.9799823016400524,0.7901160069043605,1.0702075418069228,0.9097109910930321,1.0704302593200024,0.9255463465211442,1.1025515156989125,1.025325211341154
6573.831578783883,1.043728978513615,0.9777590921538399,1.1164548210114076,1.0293166201938695,1.2484569428928236,0.9036745858732712,1.0174259493396374,0.9904846534238438
6573.849230487798,0.9088571662907432,0.9399300306281664,1.1065786378487608,0.9742879843834387,1.0847200053545638,1.1703552047009893,0.9378100820809856,1.123822316000234
6573.8668821917145,0.871647653049893,0.8972981527859424,1.0842925746859378,0.9614731638593588,1.0244951124372967,1.0421547739483124,0.8831869499949254,1.1064902825683078
6573.884533895631,0.870548459948102,0.9079548691199355,1.0307765335519026,0.9603070605588369,0.9954883148510941,0.984533527955442,0.909289548240944,1.0627506735115178
6573.902185599547,0.9403151363748233,1.0309104852722402,0.8900422389176185,0.9773327173510095,1.0101231922104648,1.1136675354435692,1.1091420336464128,0.974800924878768
6573.919837303463,0.891092380652254,1.0799627745063125,1.128422773235411,1.0131541493026708,1.1481969813633341,0.9587539462288448,0.9668374222553358,0.9757686226049245
6573.93748900738,0.8032845997449051,0.9934392874221198,1.197596163959591,1.0422502323944054,1.1257915732371782,0.924886529383911,0.9410927777101334,1.0005775032791817
6573.955140711296,1.0,0.7442842307508066,1.0867062995198769,1.0746023745126947,0.9274314725659669,1.0212270844908728,1.0391932413804819,1.0554546188442713
6573.972792415212,0.9522384025203146,0.8696426998125524,1.066973712717491,0.7904860420957942,0.8855940493591268,0.9144945561849038,0.9848893223676027,1.0635221328831275
6573.990444119128,1.0001395310932382,0.8539207615611867,1.0581530933976644,0.7886321302430659,0.8974808845930745,0.9522074477677058,0.9803928133052553,0.9870763149983836
6574.008095823045,0.9134309125333935,0.7657224778766043,1.0616533972150743,0.9425888650060701,0.9445482173626981,1.063293393359764,0.9933783026465298,0.8567430628528601
6574.025747526961,0.8236671179600292,0.6557665724923587,1.1822847230864348,0.8909523836680026,0.8320016329043455,0.9350464280748484,1.0,0.7583376033955191
6574.043399230877,0.915484550942774,0.753897962159314,1.0995063906651934,0.9158531316569235,0.8962317663181715,0.9114230461154473,0.867196091283052,0.8089804480963441
6574.0610509347935,1.037566392174834,0.9097544484756357,0.9824162583147705,0.9676927518047588,1.0164158869343545,0.9265050084749963,1.1092407351030023,0.9007899400644964
6574.07870263871,0.8379448289124876,0.9138800786711296,1.1501304174396652,1.1028256749094134,1.1372116099618697,1.0445531745359404,1.1210918219953943,0.8701391911026967
6574.096354342626,1.0634536167889268,1.058360344663188,1.1910232988653848,1.0227628065024836,1.1827472837800448,1.0051372856374667,1.0865944623299708,0.9146803506316529
6574.114006046542,1.2328566190773085,1.157237540004695,1.172338753984055,0.9432213085001919,1.1954589143843188,0.9649413029183473,1.0470936001254083,0.9851705753487517
6574.1316577504585,0.9005573303039895,1.003172869117802,0.9826451236165198,1.0168556041536636,1.1437863245284097,1.0134295192258016,1.0420524318147775,1.1464871273472357
6574.149309454375,0.8958418625380703,0.8968903409792807,0.9158001816682133,0.9845748188241564,1.0820108037804967,1.0887210625209953,1.0341128810199418,1.0111914373314446
6574.166961158291,0.9672881756019495,0.8593038764447565,0.9111561724382315,0.9533632523892155,1.034962262788025,1.0820917108638015,1.0496636812009197,0.9259759811335797
6574.184612862206,1.1741563207435304,0.969217046361744,1.0382040515193331,0.9206406059823924,1.0202497924166314,0.8800352058988841,1.1219676876143612,0.9961800572303428
6574.202264566123,1.1917966437800698,0.9662509690912939,0.9174748320660079,1.0521688954859292,1.0018639972766905,1.0019745881556488,1.0800778404131413,0.8926455008098934
6574.219916270039,1.1002408259561183,0.9224268069878605,0.9043834643351525,1.1360013894100065,0.9778068181659753,1.0459088699881078,1.0339334405469152,0.895700897766401
6574.237567973955,0.8669402348664237,0.8168249371063994,1.0179367225396854,1.1724842808494953,0.9453942947056644,1.0041839503427918,0.9771714657241979,1.0232214677806752
6574.2552196778715,1.020083169228455,1.060631650831685,0.9889102362019285,1.0840464106048435,0.9449412337868808,1.0062404995014314,1.0325982729189778,1.0741871494833974
6574.272871381788,0.9754953609269043,1.1250896966374748,0.972961538661268,1.0700080120774949,1.0203867739713979,1.0324945647386516,1.0319096749705483,1.0242818172642303
6574.290523085704,0.8272850428327508,1.0837332406691098,0.9596155312731443,1.093043397433865,1.137363301131061,1.0724864252851058,1.0015935610603803,0.9077311553643924
6574.30817478962,0.9274485206077033,0.8512356485443018,0.9204630376552512,0.9080605818381121,0.9554802598690268,1.0200597673232903,1.0031438582274785,0.8189692779761671
6574.325826493537,1.000117006175365,0.8655696901100598,0.9912741654677242,1.0604150448961365,0.8948255743481415,0.9557267589131677,1.0602357695638802,0.9219458702498426
6574.343478197453,1.0626288593292876,0.942249167281459,1.0702322556834059,1.2823312602585903,0.8823906503578154,0.8987806519495858,1.121254925133936,1.0522628898985817
6574.361129901369,1.041420142032048,0.8459470074599882,0.8642151635603934,1.1520778459375438,1.0118648850237923,0.9506136277843051,1.0389883446031767,0.7809735320371358
6574.378781605285,1.0939307457195644,0.9017653922447926,0.9920251763549977,1.1333301550021995,0.9992986396554215,1.0351639857044121,1.0658899669158608,0.9792938873999336
6574.396433309202,1.1000540875953062,0.9686003613494287,1.129659566760476,1.0961523945367095,0.9878292521509636,1.0799096876668903,1.0732586855733952,1.1798107758070253
6574.414085013118,0.8752136004653445,0.9796318979659073,1.1074365425058794,0.9420955103834898,1.0639421837709144,0.9488302040863776,0.9230322824653754,1.1287418435404426
6574.431736717034,0.9069772340536882,1.0609839720679233,1.1115109154406844,0.8961067641553848,1.0849736452445027,0.8847755727466797,1.0446623864944797,1.0033831598845573
6574.4493884209505,0.9103506236836638,1.1193154224705466,1.0809945891966037,0.879971663978269,1.077036275960025,0.8817204956029929,1.1297504157892455,0.901328674251938
6574.467040124867,0.8221518495350049,1.1255157981109556,0.9778516936017047,0.9094691673663198,1.01220448175464,1.0061996563322853,1.1231907289035734,0.8598831461831389
6574.484691828783,0.8637109436123744,1.1691953822601833,0.945358650366555,0.9249642986796366,1.0312171472808709,0.9104699322189234,1.017844025714931,0.7864194438772093
6574.502343532699,0.8510155492983165,1.0606993355506442,0.9535073153564184,0.9694325910596401,1.0574868780762074,0.8913654580744539,1.042666316453923,0.7703798560284669
6574.519995236616,0.7829147141394198,0.7728464539686525,1.0101865470432765,1.0469058238096975,1.0911514747667819,0.9447011227473315,1.212699076112225,0.8097093190678111
6574.537646940532,0.7063957131047629,1.0205731201007837,0.9173767661533697,1.0561253864507936,1.2247423473565866,1.1619085191345115,1.0594181431821996,1.0366716564433804
6574.555298644448,0.7036714855979052,1.119682297277811,0.9901863955584274,1.0518123008357472,1.1286109468589147,1.125017991187174,0.9231280044937551,1.135511776022965
6574.572950348364,0.7490966445568374,1.1516581121917788,1.1406648661343564,1.0365206216034093,0.9195833068872132,0.9606722367305696,0.7951889904897924,1.162590808604602
6574.59060205228,0.9192445253018204,1.1302215639453188,0.9791314396138738,1.037136981125047,1.1149284837072873,1.0896581739856421,0.9263834010199177,1.0885226268764232
6574.608253756196,0.9877912130583435,1.0967279227509357,0.8823358054592265,0.9446959460518299,1.0224808448240765,1.0049197489573634,1.034664295010568,0.985609776691577
6574.625905460112,1.0246839391996314,1.0699924613144791,0.8250352349278082,0.8710153915340513,0.892665004629462,0.8908392785121194,1.1229307657183867,0.9222614363484831
6574.643557164029,1.0592030915032198,1.162058870318514,0.9789566186008751,1.1503748468156374,1.0247796165294956,0.956516677562698,1.0852884531520415,1.2426320507865503
6574.661208867945,0.948498987855107,1.0212591291473347,0.9694951531481109,1.010696192254832,1.0107771643178323,0.9506791176750383,0.9650985687879772,1.1758816786845463
6574.678860571861,0.8798896785582384,0.8777074540535345,0.914763443965763,0.9038339998095968,0.9633620508454017,0.9307930640346453,0.8595566853960218,1.113754385877962
6574.696512275777,1.0260820298315005,0.8020400452735075,0.7454016273617277,1.0776512911353755,0.8241648726961677,0.879592066336234,0.8175885625511826,1.264059228348751
6574.714163979694,0.9538147250326325,0.9136625386616817,0.9174112147317433,1.0641309055571748,1.0574281517313153,0.9030255243411962,0.982166130252092,0.9759665864965549
6574.73181568361,0.8959525817867737,0.9923265846065928,1.0694351215643583,1.0809228458869178,1.1729300356255687,0.9853122146686126,1.0912485812565478,0.8783528314176918
6574.749467387526,0.8641387733810683,1.0050184864686773,1.1908825522521425,1.1804916553863403,1.0765582457576042,1.184843964946475,1.1107495042739222,1.1428789706584876
6574.7671190914425,0.9664923156390208,1.0552233743758832,0.9769572036644639,0.8637543319185794,1.0363303042069687,0.961151857393947,0.9663263749178047,0.947562988111645
6574.784770795359,0.9508857599174907,0.9399916370245704,0.9988122069164778,0.9209751071905337,1.025413905579278,0.9083727221023064,0.8971890835434899,0.9170730159864947
6574.802422499275,0.8361835623081966,0.6768688021121985,1.217714010852956,1.2922215120590574,1.0403345347530863,0.9890153652513982,0.8854252306737225,1.0171380196782616
6574.820074203191,0.9393170472672236,0.9097598131809828,1.0233299149703166,1.1622368062607344,1.0823635893926415,0.8421932043180885,1.0966783458875387,1.083825145406492
6574.837725907108,1.002878400756678,1.0337488268903887,1.0065946753351813,0.9738298502270775,1.061769287818751,0.8317069702636197,1.1279478469578765,1.096599589417376
6574.855377611024,1.054492967739097,1.1060916580983433,1.054231606255102,0.7849387608566613,1.0112223007394587,0.877713363565467,1.0801785385211522,1.0843470091672378
6574.87302931494,1.0740536950946273,0.8959682757273464,1.094046437980851,1.201091600550522,0.9174066240584868,0.9258354563289268,0.9684292412916412,1.0762424790578864
6574.890681018856,1.1187978251614494,0.9093572739103315,0.9341427926075448,1.2165082587076594,0.9638384535254649,1.0549376601150646,0.9423075441021399,1.128310674680045
6574.908332722773,1.1422526160030029,0.9927470825789223,0.8213475477590223,1.1404159698816587,1.0420698648267916,1.1663788555333836,0.9190185395198425,1.1756162510494979
6574.925984426688,1.039907617055625,1.2414171991957679,1.1797665953115741,0.9845106883315412,1.157178622276053,1.1241337618025808,0.7815972021469355,1.1460709696220492
6574.943636130604,1.0374551529693097,1.0721524631847137,1.1469865438030402,0.9945630435077943,0.9571655915092131,1.0305202264482145,0.9969738246854238,1.0596554308202122
6574.961287834521,0.9971326585816571,0.8438830566792002,1.112241369831691,1.0120068740953603,0.8392692265417239,0.9598735837427073,1.110189175454896,0.9613179914940027
6574.978939538437,0.8301312837919548,1.0,1.1622403768831604,1.0373956758214558,0.9814010991069804,0.9528591771542481,0.913572235392151,0.8276358291170273
6574.996591242353,0.9273601652988551,0.8765776474584556,1.0043489742256881,0.7768463908311077,0.9408178941166263,0.9587836364491779,0.8603141323080363,0.9367411646958702
6575.014242946269,1.0015540606662943,1.0470273978507223,0.9074630661996584,0.7577199606642899,0.9753000269767066,0.9772155162432151,0.9274831389361722,0.9996974801622674
6575.031894650186,1.0545214017818862,0.9665727201696159,0.8743614160946954,1.0361247947386176,1.107276051326625,1.014121199356598,1.1490659695026089,1.0120955804612917
6575.049546354102,0.964215960063402,1.1086653805592621,1.0801456301298438,1.0109547252895839,0.9990890392811678,0.9597520892244911,1.071186716257641,0.8932512567716305
6575.067198058018,0.946800580458923,0.9941908841158518,1.0541428912188235,1.0344318131999894,0.9546930572178539,0.906749411467183,1.0271293377133657,0.9741537112954236
6575.0848497619345,0.968333350752248,0.7418633323784815,0.9065800137423172,1.0755319962620444,0.9460232534198509,0.8569709546951506,0.9919993300882302,1.163324144388161
6575.102501465851,0.9768127029795788,0.9773299793232351,1.1909081702450937,1.0925793865572753,1.1203956610425887,0.9803339272338659,0.9428562058109455,1.0020041810461309
6575.120153169767,0.9875944352635005,1.0158131997310915,1.0787945232237093,0.9848430736089204,1.0197971160873143,0.9559320847665306,0.9888557716518682,1.0580482151361932
6575.137804873683,0.9917062715214394,1.0163800971305734,0.884953082590129,0.8810690037714712,0.8662099284096481,0.9161161937511307,1.0513065102206451,1.1453478633261285
6575.1554565776,0.9349900861355596,1.1112427785818828,0.8888771271679093,1.1140206317710248,0.8836644185981323,1.0452297923099285,1.0229460399368278,1.054527833140983
6575.173108281516,0.981851973137539,0.9713341041322877,1.0245089971372676,0.976701907881252,1.01567254940045,1.1051577310114842,1.0014681732607023,1.0004631620760034
6575.190759985432,1.0625453932199027,0.8547224151107583,1.1151522878784526,0.8786603387346871,1.0702609800782448,1.1153507683190553,0.9925132108385928,0.920729585422194
6575.208411689348,1.2439806116664622,0.8863080224047988,1.0112975320303363,1.0428514416783388,0.797192184502134,0.993472655182267,1.0276869180911956,0.7239238667809429
6575.226063393265,1.0273747675101341,1.0555544333213216,0.8742749847406706,1.0880539892681418,1.0044512251564974,0.9776057899352212,0.9943328492846399,0.8566139087233701
6575.243715097181,0.8646290906043684,1.1012725875420202,0.8742744116735646,0.998050706633553,1.1005931235539321,0.9903410153262199,1.0210549872026373,1.0219866021975332
6575.261366801097,0.7940362524978846,0.9288964145092375,1.0998348676216205,1.0,1.0173617886424617,1.0422229326503285,1.1561011476042429,1.2431696175683205
6575.2790185050135,0.7908803059744598,1.1941096727405083,1.0198830028076415,0.8924507012985368,0.8594285530099391,1.0820212721011144,0.9950067250620558,1.1214754277829964
6575.29667020893,0.8315967975924428,1.276880084314814,1.0046386843883632,0.9907800726826429,0.888719524010494,1.096009999221437,0.961064091552755,1.0203262168684222
6575.314321912846,0.9104807395848751,1.2307859487351147,1.0295933701557856,1.019775781656026,1.054984305507072,1.0896831263278797,1.0149545678954175,0.9238974444434995
6575.331973616762,1.1028717565060329,0.9869281186903249,1.086622730437555,1.0936750713257877,0.9820148685973887,1.0388328668566433,1.166726844617304,0.9965671777375993
6575.349625320678,0.9956785149751027,0.8817039951709427,0.9862570236397092,1.0993345824994007,0.9586300402771369,1.089598554139083,1.127675402880602,1.0062323019589274
6575.367277024594,0.8301708299326632,0.845805304239512,0.8743319122603335,1.0620524521628434,0.9518376131900762,1.1392980890886792,1.0196151090269399,0.9875473025464155
6575.38492872851,1.1953898895517148,0.9976918676682309,1.251277308133564,0.8436387277740262,1.0007763414160658,0.8047244332358423,0.9114438704839882,0.8506621508820839
6575.4025804324265,1.161429764349253,1.0874639913091448,1.1338186934918342,0.95421472878765,0.9921502535899451,0.9331379295948756,0.9902725655460737,0.9501131149165619
6575.420232136343,1.0926808895063325,1.146130427803098,1.0085236764686112,1.0662979512771766,0.9743632723800401,1.0914214069925632,1.0272018860963017,1.0510819269187779
6575.437883840259,1.130742246703051,1.1044291617375357,1.1637978407009257,0.9838892877380399,0.9405750627621277,1.0975804845073502,1.0,1.0011605777399488
6575.455535544175,1.0626344654023117,1.2333281881124747,1.096582601550936,0.9490562791555022,1.057932990028534,1.069400261255207,0.9696297666961613,1.0704418162990534
6575.473187248092,0.9733363764565848,1.1914942181566697,0.9379381460813373,0.9269442712602182,1.0668212942302677,1.051285840288633,1.0980222717911876,1.0786291927978802
6575.490838952008,0.84142703506385,0.8062229806643458,1.0,0.9223505641604806,0.8579458969594638,1.0562327766314539,1.0258542332861693,0.9658043620136194
6575.508490655924,0.9267633509632784,0.9499417881368938,1.018560062561779,0.9488570065248899,0.9280582308674681,1.0398073267266592,0.9502731029578024,0.9573362984877151
6575.52614235984,0.9016521192609774,0.8600046110834484,1.1536284714113856,0.9730497189357272,1.0357585764085997,1.0582979983417424,0.9312427017740107,0.94893757622032
6575.543794063757,0.7854542362050971,1.0,1.048264300684347,0.9969214488251573,1.1847738819585156,1.106355432364785,0.9599143499605436,0.9431428052379951
6575.561445767673,1.0491205804216115,0.8978485084021952,1.113306902683977,0.7499834477025765,0.8197033327715464,1.172410134898984,1.0406497104856347,0.9207516499953255
6575.579097471589,1.1488613650771204,0.9178735343117088,1.0313611286990412,0.7863006296094084,0.7883087849976236,1.0614713257529835,1.0088936165592484,0.9351683425431021
6575.5967491755055,1.173777652815387,0.8427212136530159,0.9055149540877792,0.92924118800667,0.8812637771632332,0.9011361852165424,0.9382446056099496,0.9590810751180622
6575.614400879422,1.0273210061520706,0.9344724405900025,0.9532714500948004,0.9621758021732915,0.9712892539825853,1.019286103748357,0.9499098933120974,0.8949983407205152
6575.632052583338,0.9573848116872214,0.9922297493097337,0.9744698979743156,1.1527099311122813,0.9040455552213186,1.0694098690559952,0.985469670046678,1.009343749596048
6575.649704287254,0.9623413528203003,1.0216105950802103,0.9649011576200812,1.2610550928244169,0.8468896605788978,1.0944006657783465,1.010126093591229,1.0965596149998662
6575.667355991171,1.2830396265964525,0.9662523899103819,0.7918822002405634,0.9074575329375314,0.9395864036521411,1.0382812841622282,0.9574235849135928,0.9158879271312322
6575.685007695086,0.9425967030235488,0.8363987970014868,1.0523019108350822,0.9649957285691911,1.0918437876085718,1.1098881449381401,0.9999769550927589,1.0568632692137747
6575.702659399002,0.7276410501979031,0.812430869805748,1.191334057075663,1.0443729513780269,1.1219004357376405,1.0961119215025779,1.028432780354915,1.0637444768350615
6575.7203111029185,0.8041178611244026,0.9895354033799747,1.035878071712787,1.1333215970111208,0.8957552465914723,0.901038157783689,1.0222738972911964,0.7574733908319845
6575.737962806835,0.9631536460539978,1.2198655917146974,1.2608789111602015,1.0875809760345727,1.0649597359711933,0.9272526687716054,1.0181996929457222,0.9455522204537521
6575.755614510751,1.043634650330333,1.1895005358639739,1.2118274710236814,1.067400913584388,1.0872390254679778,0.9452166527726836,1.0043729856510906,1.01015357894584
6575.773266214667,1.0557909806316965,0.919298874168093,0.91845521671465,1.0669340171724728,0.9864798409484072,0.9611628339408994,0.9814327459035996,0.9739779812289485
6575.790917918584,1.2384726087663962,1.1833238413128988,1.0588146647939058,1.0573815275518856,0.9281051704508946,0.9884759451808631,1.0035751367947363,0.9441035381764427
6575.8085696225,1.1342088050040895,1.0907821007108756,1.0062446513115908,0.9601203502097659,0.9626512270742902,1.0060351464450954,0.9870802137654731,0.921224757162483
6575.826221326416,0.9260879111435334,0.9024503109393534,0.9021771935073435,0.8471200650123742,1.0182612697244773,1.0309676988796184,0.9629547003603378,0.9143908065856822
6575.843873030332,0.9380455637642541,1.2535828659059431,1.0084731900617105,0.9735955829420181,0.8098146779883432,1.1914679483781578,1.017709331562745,1.0623541831265482
6575.861524734249,0.876013086924507,1.1668422231546411,1.0394473045374706,1.0972890820670553,0.9261713949664655,1.1674500869855977,1.0605550537092105,1.0419220731375602
6575.879176438165,0.8524203209910153,1.0188679195244124,1.0716264723558702,1.1789941307936178,1.046760738889503,1.096099008229016,1.0848084529862771,1.0112303781677612
6575.896828142081,1.0275777726154283,0.9471477575630164,1.1709333096479,1.0825112730890174,0.9420519334584867,0.9698945803633005,1.0412602835108682,1.0659495553147948
6575.914479845997,0.9828321919304868,0.7846586095682702,1.0481422140622916,1.0188118802208128,0.9890304726861147,0.9478608792264338,1.0063348495135138,1.055861673895632
6575.932131549914,0.9863326523297328,0.7338251270110195,1.0303556021357696,0.975125942943968,1.0596440376757963,0.8992319219902876,1.0235251892463064,1.0617866843699306
6575.94978325383,1.1140498324259858,0.8919924326300981,1.2548978290107922,0.9614351865923205,1.1804219440313322,0.7726189191262521,1.1556067332166056,1.1147822475464084
6575.967434957746,0.9602404139535614,0.9980080427886945,0.9675011035610865,0.9987921665221574,0.9974644899170205,0.9422272597341086,0.9412189248112298,0.9950478607043977
6575.9850866616625,0.9732583355772751,1.0818090333461405,1.05514921276261,1.0584635690864082,0.9140227734808726,1.0506135146463198,0.8780319465867974,0.8956503898915249
6576.002738365579,1.123163162697932,1.1458446471815282,1.0,1.138867037778978,0.9074817488010298,1.114728727802645,0.9353608413513061,0.8090644889771194
6576.020390069495,1.109851487684918,0.962852546073244,1.019750500991133,0.8135062689409425,0.991402550238772,0.9506582476822022,1.0436343413169806,0.9585556216040575
6576.038041773411,1.1650535193042464,0.9853130014196574,0.9259934161122271,0.8202101836448319,0.9672563758126032,0.9546631282922127,1.0735412822736445,0.8977524208632256
6576.055693477328,1.2259802798438553,1.0647931466280138,0.944674109532286,0.9371325390397783,0.9218754157030653,1.007551717345123,1.0770751818808881,0.7916031798285621
6576.073345181244,1.1345197058565402,0.9697205319407975,0.9566136254997964,0.9155978686109955,1.091825695934788,0.9564568048516728,1.1313459908894963,1.0229071277307886
6576.09099688516,1.0635378758120353,0.8016562805601539,0.8569201075171531,0.9168882355539263,0.9656685471650521,0.8984876943118645,1.0793895447357527,1.0403669820216137
6576.1086485890755,1.019027032660804,0.7190911738662744,0.8093073902243831,0.9492240361648817,0.8885751134772754,0.8865473811688491,1.0493555661538148,0.9885373568474285
6576.126300292992,1.0727038100501636,1.0172587200948695,1.0403519716287792,1.099291525937616,1.2031142770385779,1.0613617013370482,1.1721673608853067,0.7725020359527462
6576.143951996908,1.0296924267358227,0.9842794145861874,0.9406811859056924,1.0819283859197564,0.9022183449675291,1.0020916915360165,1.1306930920406697,0.9332493684531459
6576.161603700824,0.9994921116941764,0.9437876231737058,0.8703373376863407,1.0358654353443015,0.847328612239197,0.9815498240226955,1.0765933704317125,1.0579502839565265
6576.179255404741,1.0019839025657582,0.9095631571774703,0.8602164270799539,0.9455340062947627,1.2479838021448766,1.0441056024706614,1.0157633928812084,1.099528799810913
6576.196907108657,0.8823778321476453,0.908883862422938,0.9683501467374396,1.0243273275182623,1.143722583742209,0.9694402695891463,0.9020797042426764,1.173987988290511
6576.214558812573,0.8829979839876049,0.9361253367288689,1.0484499348163028,1.047216107166717,0.9961856258339296,0.8996948955959847,0.8541684011407524,1.0822614353827051
6576.232210516489,0.9687771740544147,0.9849246592698861,1.1090952250880175,1.033687147297359,0.8071773604057466,0.8337204774687782,0.8564122734645663,0.8680905013667761
6576.249862220406,0.9380841788873867,0.9584139320458245,1.0436410986443245,1.0607835063922966,0.9740347112227329,1.0104738756668057,0.9720017295952573,0.9024704098901223
6576.267513924322,0.8710776278152855,1.0271474157359841,0.9501591400664069,0.975021444812519,0.9869015356490735,0.9962728698684492,1.0413027239806665,0.8783714474723973
6576.285165628238,0.8148746186062732,1.1063390452747648,0.8749482038891966,0.8856886476201603,0.9526169217120185,0.9454374939369491,1.0833179821958996,0.8841119330020191
6576.3028173321545,0.9218647798239354,1.0182133094838948,1.0542800463762116,1.0808114957253134,0.8587869786803394,1.086961312953237,1.0101939216718454,1.1977727262584492
6576.320469036071,1.1970309888308326,1.069109824516794,1.0336267683960352,0.9737486167275111,0.9691771614161347,0.9385813365214514,1.063707006030487,1.3222137589436853
6576.338120739987,1.335685078598778,1.115286973056791,0.99839205850541,0.9085163069951396,1.0685955867988701,0.8610996031358245,1.0859184121206416,1.295007334746452
6576.355772443903,0.9843526048194503,1.1344532383280976,0.9977589414354059,1.0805852415337283,1.052355050360601,1.0998849995432944,0.9676573482620123,0.835367034220929
6576.37342414782,1.0692317172099894,0.8175059044050539,0.9086674347800284,1.0878498591314316,1.1086787435884722,1.154122048843319,0.975279066887683,1.1836471699173852
6576.391075851736,1.035491643839227,0.7047482741467439,0.9881300118759865,1.066861221079869,1.143693699836304,1.0184330435222888,0.9602645897734158,1.288006612902695
6576.408727555652,0.8243941327226372,0.8835524590220843,1.3126241827464133,1.0191617241572881,1.15604030438667,1.0,0.9087127811796749,1.0521478696837534
6576.4263792595675,0.9719236515856935,0.5787011274325522,1.114801457426841,0.7775897960869687,1.0172003996801116,0.9656306405470462,0.984042850027178,0.8589386194720212
6576.444030963484,0.9604334728194095,0.9830306434182288,0.9551617982485153,0.7818047959097517,0.9674339585958882,1.046379851168516,0.9682841090742191,0.8730513267645448
6576.4616826674,0.8770391014251411,1.0,0.81025018220176,0.9232567099769294,0.9643011068196364,0.9926275904087754,0.90683722766722,1.012252302662563
6576.479334371316,1.0696469491014493,1.2194235611265591,0.8804350315272194,0.9182853766252144,0.913839363794535,0.9967361089003212,0.9457040368361875,1.098820779893275
6576.496986075233,1.023150770064022,1.189573556356293,0.8820972055419387,1.020244480694273,0.9554766506789647,0.9674380089479744,0.9662919280444975,1.0784848477338336
6576.514637779149,0.9548344677170741,1.2492371713608783,0.9038078061434183,1.149700236349171,1.016541240489354,0.9527617408048292,0.9770355735509896,1.0630318781643555
6576.532289483065,1.0777971041359236,1.2630026947700004,1.090188564107388,1.3337256527185208,1.052618515343791,1.0439494551790633,0.9296237156195603,1.2647868471784776
6576.549941186981,1.1113030635436894,1.2145267659597465,1.1764519846635755,1.1495963860325062,1.0778831539040248,1.1491704905434972,1.034955323459125,1.1774504259688134
6576.567592890898,1.101948321543684,1.1334151332250708,1.181271342697002,0.9847360822316727,1.0493338425537373,1.1465809098507926,1.114610488397226,1.029818920602733
6576.585244594814,1.016721946053494,0.9758729450588635,1.015241022129406,0.9256861920064088,0.8962341050149452,0.8913721299945034,1.1327230229766765,0.8009155915330051
6576.60289629873,0.9099198582889514,1.0913697098501831,1.0574920155719856,0.949845761835023,0.9264922397867543,0.9322314746435277,0.8672543643520048,0.6538921419720862
6576.6205480026465,0.9288100589225515,1.0746068631929728,1.0497427884158221,1.020301270973201,0.9998967949972487,1.0082362670111673,0.8968110520836082,0.6984304117288773
6576.638199706563,1.0732032131198792,0.9305504862869093,0.9960314192993469,1.1407930044767651,1.1199125002591779,1.1237860047029262,1.213801510975491,0.9367578433138928
6576.655851410479,0.9286631014642688,0.7811322528252393,0.8632719817155549,0.9451789077197591,1.0414850557044228,1.1134070361019115,0.9939252174580082,0.7829962696903837
6576.673503114395,0.9137755257580218,0.8401756908601166,0.8404728535941278,0.9320562401426012,0.9966616239284352,1.0780624922773991,0.9806897035021904,0.9151853222297316
6576.691154818312,0.9514967239284543,0.9974712692678426,0.8689956124320648,0.9666339727263062,0.9649310225379929,1.0182275027684937,1.0359568847961402,1.133753363569162
6576.708806522228,1.0446626279722653,1.226427279785739,0.9586981244284494,0.6999982045761316,0.983376426700024,0.8563076364665366,1.054275003749789,1.0662142928281362
6576.726458226144,0.9988801381226428,1.0930834277386496,0.8614638411445379,1.0345272361314897,1.030412792001935,0.9301325321156826,0.960543112641982,0.9778269216191796
6576.74410993006,0.9800727162930308,0.9304526672359614,0.8032040784903401,1.2691145459638622,1.04111051589553,0.9904601225063319,0.9355390546346697,0.925929775102716
6576.761761633977,1.1525635003718395,0.8908871662556321,1.0218267496688194,0.7410315416242415,0.8905382359265277,0.8105489191835678,1.2755277623926404,1.0669242924760414
6576.779413337893,1.1531079664175,0.9486869998778511,0.9224204180500438,0.9631125458267314,0.9568123471097192,1.1932608701408927,0.9712396827654877,0.8847018324011556
6576.797065041809,1.1100202954650102,0.9870067142909265,0.8891592719261991,1.0946129935652704,0.9454309309263752,1.2790349044490976,0.824516396489223,0.8191997207476047
6576.8147167457255,1.0165359444427853,0.9960838280420088,0.9694064796901141,1.0521283155464125,0.7853333935991162,0.8797012797086393,0.9516023545332463,0.9482005013413003
6576.832368449642,0.8118523325858091,0.8443354325625039,1.1027581935008994,1.042792077172243,1.0961396113497586,0.8560358049258283,0.9435429508411087,1.0543801601785203
6576.850020153557,0.7621873259675696,0.9094898440804997,1.1266442395198382,1.0088074472849087,1.0995422610912282,0.8981647583172481,0.9774868352016949,1.0397306798428587
6576.867671857473,0.8125740938931323,1.1038231645470933,1.073952984989878,0.9578508429820208,0.9235409434656922,0.9944846846197346,1.0328806572212441,0.9469454569290849
6576.88532356139,0.8015373730727304,0.8822531664835852,0.849001880281212,0.8669726168427035,1.0651879610025694,1.0624590802986045,0.9597801657810192,0.9624312471708636
6576.902975265306,0.9147644875964233,1.0326003114840774,1.1207230859532467,1.0078283572965345,1.1316639579750896,1.0835895684666448,1.0806516642889914,1.026932232315569
6576.920626969222,1.02978652663419,1.2087583615420594,1.0,1.1642084347390662,1.124262451700283,1.086004757944092,1.1866129532041232,1.06114426341643
6576.9382786731385,0.9609348111145253,0.9698467252194233,0.8465451040364529,1.0167312837811116,0.740659013841213,1.07890445590606,0.9000584367989014,0.8040640527734362
6576.955930377055,0.9302243234811086,0.9151520640389104,0.8120511086635714,1.064928581932651,0.8958056819686516,1.1300614390735833,0.9173904298544778,0.8658398141095909
6576.973582080971,0.9330805019486872,0.9189094642688105,0.8758171044717487,1.1034313001260714,1.046894157737764,1.1539455746290368,0.9911500068696117,0.9167927441732888
6576.991233784887,1.00311443151657,1.0178880923914697,1.0673126358736482,1.0781996674355092,1.08551410936547,1.1128832009234775,1.1556781387065573,0.864307587169176
6577.008885488804,1.102889491386292,1.128949360654175,1.1578347518781393,1.1717476489192669,1.1023849642681756,1.0092016527171614,0.9879194433983264,1.0018884848194871
6577.02653719272,1.116079498341759,1.1563816033089689,1.1467092893841164,1.1828590353305444,1.0501201844591863,0.9768123732765869,0.9667581747271697,1.150658506002019
6577.044188896636,1.0470516073767648,1.1030561034736346,1.0347415500679427,1.1167893333653598,0.9303110820984514,1.0113044051972064,1.0813885931605876,1.3163408418074425
6577.061840600552,0.8620059877422139,1.0152536878105582,1.0715082348164533,1.0588681748624524,0.867140780528139,1.0151364812872488,1.1990422890952412,0.9383468695166097
6577.079492304469,0.8139576631467877,0.9192379228621512,1.0705645039883709,0.9580415931546394,0.9112065865847332,0.9764899076310432,1.2024084829348054,0.936330202567899
6577.097144008385,0.8223655974413524,0.8261130575061505,1.0593377186789492,0.8459317498366058,0.9989644672958908,0.9283746651095127,1.1473911670392747,1.067610204954922
6577.114795712301,0.817143843059061,0.7658956421339917,1.089134452395986,0.7481819574662958,1.043370063419258,0.9872472559283773,1.0198640596702704,1.1133098630383516
6577.1324474162175,0.9632765388076868,0.9293329923333191,0.8978371417389145,0.9770762010260569,1.0775741344254504,0.8418309228004404,0.8893721341926437,1.1097603136602623
6577.150099120134,1.063199486775413,1.1358447188777052,0.7485372270483703,1.1670967264552194,1.0623896379561353,0.7601401776689432,0.828321751246299,1.046827868344313
6577.16775082405,0.948378008978581,1.4232604973524334,0.8312144695240116,1.0716903009710048,0.8905509449474038,0.9652845050804282,0.9955564223770467,0.8050368701895203
6577.185402527965,0.8450086271483668,0.9832160831506662,0.940511326264939,1.0239488562129604,0.9325940256282349,1.076260884220303,0.9562633196506485,0.8884195710121217
6577.203054231882,0.9059925744512574,0.8075190877120785,1.0437337408469014,0.9963681777863925,0.9802855790694005,1.1030493239047676,0.9212916498327225,0.982323621092649
6577.220705935798,1.1963186518988902,1.0146123498824104,1.1474698687218792,0.9928292119272787,1.0340831809521729,1.0289477762238317,0.8938195208028554,1.0816959408162328
6577.238357639714,1.1169660135904869,0.9359116423334047,0.9523499143882008,1.0079634030563573,0.9147992008060016,0.7548773816992145,0.9442359534153749,1.1469585671316216
6577.2560093436305,1.08556274864126,0.8995079166783057,1.000726343273999,1.0401449711343123,1.0087822332130922,0.8226735503749358,1.0539962417263118,1.1533408021581295
6577.273661047547,1.0733913502819443,0.8986132813516696,1.164355817212707,1.0736351050684163,1.1998205711237908,1.0515213542378334,1.1817049324222104,1.1131741627908802
6577.291312751463,1.1398767914869554,1.2474596442915709,1.1069599116818793,0.9514539254843379,1.1130994718418734,0.8528810001321214,0.9931384522543791,0.8827072939039864
6577.308964455379,0.941621369756952,1.1711731819087647,1.0589296295781554,0.98233892952005,1.0621575406430563,0.9621078653507023,1.0512913656911718,0.9021363969714707
6577.326616159296,0.7697255478164564,1.0114605222202313,0.9813904892114631,1.010853898473619,0.988806603085704,1.0740059833712974,1.1254956047859659,0.9792257338546065
6577.344267863212,0.9617933616831561,0.9121892249622969,0.776371478259072,0.8653527182719379,0.7955285833829987,0.9493529320051374,1.072634146982809,1.0806902818593378
6577.361919567128,1.0270368718825718,0.7358737283331369,0.7987069895003939,1.0309273763856137,0.8743917293656681,0.8869877035955775,0.9716646005102515,1.0000398626254519
6577.379571271044,0.999026147682137,0.7709065380675704,0.9138337852871274,1.1171085874420648,0.9380920003744755,0.8769693836233198,0.917573963166438,0.9278656378614845
6577.397222974961,0.8044037665357333,1.1999022801999941,1.1858583114104142,1.0373161846285583,0.9426292348681713,0.9556150305903675,0.9480764684832738,0.8728256428606125
6577.414874678877,0.956613898240321,1.1021264837789417,1.0657759023226014,1.0346621645860639,1.106791540234207,0.945839339144508,0.9698569200510286,1.1117592767809055
6577.432526382793,0.9254210135240998,1.0156882132619887,0.9644825034980367,1.0209094526292566,1.0451964531240168,0.9332247589882198,0.986710389586126,1.1469744822872519
6577.4501780867095,0.7847816090975321,0.9344346569348698,0.8729001249612068,0.9998033833577669,0.8417391924805528,0.9209233757754209,1.0032103843330187,1.0459661635992719
6577.467829790626,1.0869031510269906,1.2497363716435494,1.0301126961569405,0.9539824878007361,1.151361332828045,1.0534551669773984,1.1439474854404963,1.0923560304250186
6577.485481494542,1.1281044437806957,1.2499004291135725,1.1051156293714994,0.9217587293805548,1.1238905817348481,1.1097416170555061,1.0937425721780774,1.0319389278324602
6577.503133198458,1.0943492037985976,1.1649012117867623,1.1470137782013048,0.8951029184890831,1.0326722982154604,1.126712858944111,1.0142270083923048,0.9720443082295845
6577.5207849023745,1.021639372458836,1.0773834297071812,1.1229950626489333,0.8800902045883308,1.0770752976511597,1.0290094100778615,1.0797484197728318,1.1082574531185305
6577.538436606291,0.9736980643129228,1.0927140479052473,0.9941252780441485,0.8213285264571193,1.0632690387375638,1.0838056888929177,1.0604531625867226,0.9311735355098177
6577.556088310207,0.9709604306416733,1.096331188918542,0.8897494382863123,0.8649632960075255,1.020220211020899,1.1153707477717523,1.0337791856437883,0.8324261844745888
6577.573740014123,1.072821493386239,1.0533897197550792,0.8470769946915677,1.1566994969365019,0.9065214119373848,1.0804334166601295,0.987603953408924,0.9601702718665805
6577.59139171804,0.9166325194974447,1.0444610567060766,0.9598770502027519,0.9956368761746436,1.051813143669728,0.9413188943665364,1.1912322841558725,0.9627003286782316
6577.609043421955,0.8882647502184302,0.9887831918544889,0.9903104590496502,0.9479570978066842,1.0727770780484172,0.9126111551729401,1.1987139938235756,1.0212405106473526
6577.626695125871,0.9659728782720135,0.8935059195520397,0.9508358216696704,0.9893262127650356,0.9918437471876866,0.9758163849014858,1.0428447408439552,1.125410040170184
6577.6443468297875,1.0707990394611933,0.7375395385946549,0.883544071251568,0.9187606733678033,0.9901875623053502,1.0409684368699925,1.0289822968047708,0.8933520514894701
6577.661998533704,1.0301269218630573,0.7119898858113554,0.9587986975009288,0.9487356192144017,0.9683784074086722,1.0240441222984067,1.0758331081840775,1.2634305112380355
6577.67965023762,0.9689283696724402,0.767830515617466,1.0775254461703132,0.9980072799021672,0.9397631365080353,0.9838499118135063,1.1156080969611106,1.0
6577.697301941536,1.160964172123928,1.077362584628388,1.1822556173139895,0.9282676855432298,0.8752459727749123,0.9977722293737934,0.9219543742306566,1.0
6577.714953645453,1.0179258747424713,1.0973788721717774,0.9863475792771452,1.0641629010637657,1.0080702517018454,0.9193434434239589,0.8910445559898512,1.0
6577.732605349369,0.9142071582007617,1.0084836183034744,0.8518778821265156,1.1241610651913838,1.0735493323040348,0.8834760581263514,0.8993297943609311,1.0
6577.750257053285,1.0039148248412502,0.6919323351160638,0.9558344796203068,0.9416505764628121,0.9090311114219661,0.9567055728892443,0.9647776691093749,1.3320645315883568
6577.767908757201,0.9550457245847778,0.9891308917664957,1.096429491486994,0.8393590295681439,0.9436494260474009,1.2039158962024827,0.9637736865651432,1.1286645767277472
6577.785560461118,0.9821735231287491,1.1596357172612157,1.122615854937517,0.9117159456549682,0.9389002830810408,1.2225364661533435,1.0214711591557892,1.0483588118666454
6577.803212165034,1.084859243361244,1.2072946392947295,1.033771450171296,1.1616198936136857,0.895867887727162,1.0179359661541347,1.139482461873249,1.0920070452696542
6577.82086386895,0.9873182126417429,0.9934957498822303,0.9577304093441215,1.1131331057806222,1.0388593978616354,0.9547427985886792,0.9448985458227753,0.9516567135058681
6577.8385155728665,0.9969479226345429,0.9025994826158121,0.9605104738198017,0.9936371164441019,0.9646973343942349,1.0203237992067813,0.8931100458700265,0.9466817334493507
6577.856167276783,1.0249543474653955,0.8725178257520273,0.9784988595561881,0.857693403965604,0.8603302726264997,1.117019424155064,0.9063759789277749,1.0105430042827668
6577.873818980699,0.8465243081972664,0.9804775855277542,0.8338393999395598,0.8773387011678244,1.242586165209917,0.9866777720330079,1.0431386777755929,1.2184899659353692
6577.891470684615,1.1218596607318017,1.0399384692513536,0.8937850089074967,1.0266829546951877,1.0061565273409687,1.007696153951279,1.0346932642370195,1.213499226409677
6577.909122388532,1.3106677204033668,1.0597191116280957,0.9753925767931689,1.119606084303634,0.819728226025177,1.0320923662080312,1.0437213380182457,1.1801131920197383
6577.926774092447,1.112501900405851,0.9953175858572078,1.0440175660150983,1.009272606985168,0.9907136606116275,1.0351788144227059,1.1757003700200543,1.1711462515643036
6577.944425796363,0.8890360520915058,0.8104478653612853,1.0777249828695061,0.8681543584095299,1.0079286923500257,0.8788255825720729,0.9961723894794628,1.0315835026560796
6577.9620775002795,0.8712448893961318,0.7184882223328743,1.0482758743982674,0.867317301193517,1.0014264603953913,0.8420248501632083,0.928446302562381,0.9555192078416362
6577.979729204196,1.0818106590502523,0.7254782455217158,0.9486720313442522,1.0214457833392396,0.9709791695453439,0.9342995013390175,0.9815559392538945,0.9506340433601581
6577.997380908112,0.92217794540039,0.8609602117257114,0.9092054200565672,0.9031678550147076,0.9681270550823078,0.9314298214225439,1.0411911598369001,0.8457512634697799
6578.015032612028,1.0674558119696311,1.0580973883205704,1.002840350549985,1.0411346921852103,0.9468974968811059,1.0003147124939034,0.9553605575853306,0.9881664905304911
6578.032684315945,1.288386906562886,1.2445433874323852,1.1319941798878352,1.2538199806675314,0.933266514607711,1.0939945673914042,0.8254231404244978,1.1893339704646217
6578.050336019861,1.0588892110035686,1.0238167706737997,1.013982950203844,1.199251155682683,1.0753980547369435,1.1722534506279962,0.8491156039311443,0.9431706166555562
6578.067987723777,1.0022408063641386,1.0710801466421818,1.0445344986607776,1.2357903322969495,1.0677723191167838,1.0745310241237964,0.9806448510084556,0.9356181019619632
6578.085639427693,0.9977623818567433,1.1251363157122534,1.0564675996476196,1.2683043597367722,1.0596894392560439,0.9852987574596678,1.0561235106481177,0.9477531653023628
6578.10329113161,1.08260784666964,1.123555929770174,0.9543937006924929,1.2829547583182612,1.1275183863923346,0.9967940961767694,0.9174551725425337,0.9163627235536052
6578.120942835526,1.1251055352899726,0.8486024008793203,0.967678173783862,1.1237978710650243,0.9779325281234306,0.9944675142763943,0.8606288983108304,1.0488492735690753
6578.138594539442,1.1749909505338272,0.8265958590988686,0.9823286768369589,1.0173279844432903,0.9360521034038255,0.9446708958291986,0.9525624679246716,1.1230997086474424
6578.1562462433585,1.241458505676615,1.1007970075494138,0.9925255890578889,0.9712627794040317,1.0171920292691488,0.8375713931349413,1.214673599716702,1.1336226542316743
6578.173897947275,0.8608484450594769,0.9970413711452075,1.165694313969413,1.0099640801586534,0.8293112675642681,1.0127320576379688,1.0547276178327714,0.8630689743627461
6578.191549651191,0.9333779330207101,1.0200808909246364,1.0691062272939078,0.9593545501779166,0.8250870949555981,1.0084939726075357,1.009146716635779,0.9082711603908151
6578.209201355107,1.166146009073151,1.0725131221703987,0.8901723470130358,0.8806699872500007,0.8895886025635475,0.9388539517968324,0.998870193487084,1.07038582989898
6578.226853059024,1.1595477525609368,0.9886924322180815,1.0431666941252156,0.858557247382322,0.9214765240265752,0.8899889168677895,0.9513003144318872,1.0852024799646978
6578.24450476294,0.9677605278660091,0.8821760333310904,1.0443430553261919,0.9859066580742196,0.8545932316466585,1.041983049462664,1.0523131314761878,1.0580726571487598
6578.262156466856,0.8351733753957362,0.8476236534342949,0.9930981011232459,1.0528873850616138,0.80565161473157,1.154661321537679,1.1476740011023574,1.036743444108265
6578.279808170772,0.9669674786612854,1.055729540218119,0.8284918382643763,0.8645916987496394,0.8451328199528458,1.0663247017777242,1.1793658552933208,1.069698892342495
6578.297459874689,0.9991063634114161,0.9641593834033363,0.9400926645990278,0.9799154992483086,0.9625250878428258,1.0494152218254729,1.016894289290059,1.0241480085498846
6578.315111578605,1.0436091707544162,0.8734130356076066,1.057896736512537,1.045012874940021,1.016242580117906,1.0398541708198155,0.8676597111376483,0.9583582984870184
6578.332763282521,1.104872851997288,0.7809076002004788,1.185502418736378,1.0545190530025594,1.0017721778599813,1.0381961538407818,1.0,0.8687265422079613
6578.350414986437,0.9630704680328044,1.1912860356599961,0.9623813004039785,1.0527461931938327,0.9879358481917107,1.0313837101800984,0.8960746182422307,0.971470669639867
6578.368066690353,1.0191363498193584,1.2076408175598803,1.008594256933242,0.9715746073074621,0.9396076202366588,1.0079412124960248,0.9319812683702348,1.045346575214646
6578.385718394269,1.1379682254198187,1.0787007858575282,1.1170694096675997,0.8768018172212286,0.8903963069149728,0.9938452934914581,0.9282703212571186,1.122490362399916
6578.403370098185,1.1391365358128445,1.0368239782013096,0.8198072712502567,0.917721900248325,0.959191696645556,1.1253429224447646,0.9916691730889641,1.311200415296633
6578.421021802102,1.0577548306582194,0.8617135951339057,0.7627770740271667,1.0755957657330477,0.9739437515882285,1.0528743660324842,0.9999850111929589,1.1137562111016837
6578.438673506018,0.9767807778984746,0.784255191000002,0.7334420662747728,1.1871177069901169,0.968600670681263,0.9936775333091874,0.9652045124416291,0.9173666867191396
6578.456325209934,0.9404074751411745,1.0330355946294159,1.0,1.128309124684717,0.9331057064826931,1.0407840228380296,0.8133931761580802,0.862946002278179
6578.4739769138505,0.7966971517841162,0.9241616514116088,0.9606644734791653,1.1014879769722672,0.8441843295379917,1.0296086642207933,0.9713051054310835,0.8692136962739282
6578.491628617767,0.867830496468483,0.9033227989480734,1.0540769209776126,1.0569310000541263,0.9019256067801669,1.0145803987771305,1.0628725300898472,0.9638357712706915
6578.509280321683,1.158159007445166,0.975515593626758,0.9415424174624223,0.9970825898271536,1.1092661468035123,0.9962343571338942,1.0906937372880845,1.1473606587918679
6578.526932025599,1.090196438285129,1.129202839232041,0.882051201529518,1.067285601293865,0.9415428657170024,0.9410848599519614,0.9933941818475093,0.965928070217893
6578.544583729516,1.0699679409493774,0.9766495657305229,1.0569037921240938,0.9831833653266899,0.9194067786991856,1.0649181880512257,0.9767354230480215,0.9065515229306825
6578.562235433432,1.038938317981492,0.7406428278684453,1.2626802881879071,0.8829754725903765,0.9568764517416117,1.2105471851185028,0.9900210247516068,0.8809335780789286
6578.579887137348,0.8446034294575782,0.7666742998050863,0.9975593162652892,1.095841405430768,1.1158041312397495,0.9947783226127676,1.0178183407652546,0.8126028652086867
6578.597538841264,1.0249440631039826,0.7801727954991072,1.0568705564346943,0.9952791734453307,1.0432497221980561,1.057724677535271,1.0363117280112866,0.905112996174224
6578.615190545181,1.1167579515226072,0.8586736669433324,1.0511738471951915,0.9342676436535362,0.978494352662465,1.0333532190383623,1.044039870675208,0.9626199149511866
6578.632842249097,0.8567096850957142,1.1090165681121567,0.7879570929418924,1.0363296075523711,0.9972644605888558,1.0,1.0284233470541806,0.8942423489908254
6578.650493953013,1.2607485210549527,0.9192354028235836,0.9807959626300395,1.0967566964389792,0.9939981781796401,1.0069942688848714,0.9738467930547938,0.8450740200277713
6578.6681456569295,1.2608223275283292,1.004052906975709,1.0947152890628058,1.0542558465136906,0.9972057078533941,1.0401369351181549,0.9449400157834642,0.8808821237096358
6578.685797360845,0.9131807228084575,1.321821769383544,1.1386354862441896,0.9209097167923767,1.0038548177413815,0.8415545531968359,0.9412918108377368,0.9887428402030035
6578.703449064761,0.9661724991768887,1.1546894596184392,0.9856941332089187,0.77302578690518,1.1144524674019498,1.041041409369779,1.0972754448639515,0.9773701503005964
6578.721100768677,1.0227984405824022,0.8995293781194651,1.0616308241577848,0.8460825447182571,1.0704312857222522,1.1341750983789398,1.0139650217306244,0.9469832623358782
6578.738752472594,1.071193395205708,0.6978961292483685,1.149448379920503,0.9847757673826599,0.9707640061047832,1.1553458353506463,0.8922524927684237,0.9323299137376768
6578.75640417651,0.9927769031170421,1.1033020708030696,0.850382179019473,1.0740226567916658,0.8177332915161022,0.8645971467811062,0.9633978863911985,1.0959022604845599
6578.774055880426,1.0576230333690888,1.0949840793405736,1.009839192006324,1.0721577123373265,1.040770421517918,0.9870961503250778,1.0371270907732413,0.9930974610088477
6578.7917075843425,1.0683805015860146,1.0586016380096233,1.083868013017133,1.0769009634989248,1.1411868072632532,1.0653467632274076,1.022049740846202,0.8940217752723374
6578.809359288259,0.9481776905071847,1.0221191573020925,0.9028809087635672,1.124063005540477,0.9192863586309774,0.9944738119556233,0.8155435663364736,0.8480323184322832
6578.827010992175,0.9135257692585311,1.1762099103526145,1.0806804253032838,1.1058803975159766,0.9923749168937093,1.0120982551960762,0.9953386207262066,0.8249653274755193
6578.844662696091,0.9250912878647639,1.140634215818784,1.1248072002980425,1.0067235007497455,1.000217714059305,1.0192384346089651,0.991972506398869,0.8537081647039951
6578.862314400008,0.9704506998064061,0.9718769928074349,1.0751828991708112,0.8607552073436809,0.9630751455619432,1.0185394468721372,0.8744404097203312,0.9212859544097209
6578.879966103924,0.9580443529760745,0.9451959692250302,0.9210224344634237,1.095816257391536,0.8693113137701367,0.9912441218783101,1.050625285878447,1.0005555422619705
6578.89761780784,0.9763025295617209,0.9704075900189749,0.899501625696684,1.0079385911109664,0.9983898642057801,0.8965402512619546,0.9331543836502071,1.0551914731888066
6578.915269511756,0.9859041660321183,0.9837405748061265,0.930455934483272,0.9148874250340089,1.1211291589108294,0.8509737596864319,0.7850105348654486,1.095956585996645
6578.932921215673,0.9007957260095274,0.8439841598161418,1.0608989401149893,1.1691333739529746,0.926127332040977,1.1454223216584603,0.8180073431797581,1.0866371677821098
6578.950572919589,0.9859902150481222,0.8359676779123966,0.8372661972973643,1.0023456482335176,0.9639895080450634,0.965184502768097,0.8946716860107857,1.1169995530312324
6578.968224623505,1.0717188172918068,0.8716524494208304,0.812823861823646,0.9397520631421398,0.952340125491133,0.9288248909803118,0.9929465199004944,1.1310471964052327
6578.9858763274215,1.1541457684421552,0.9638237152710345,1.1513283758958348,1.0797317675376672,0.8296601804160139,1.1693581654668657,1.1304470536351534,1.1216597470294836
6579.003528031338,0.9428077511170803,1.0197498607871633,1.1370933845962266,1.1219420177207964,1.006117261191013,1.0830012067159043,0.943180770859119,0.9440314776195264
6579.021179735254,0.9411837850962776,1.1170237199811788,1.0936561676144938,0.9997427407648092,1.0396146590239355,0.947621609573648,0.9558104692182259,0.9367821484332391
6579.03883143917,1.0499166158884785,1.2376496353739566,1.0260465478701017,0.8038811282964774,1.0048591724996145,0.804986716951984,1.0683309890809731,1.0352058636184778
6579.056483143087,1.060032881898963,1.338661491060981,1.0841879109170658,0.9655682683930609,1.1453440912158628,1.1128968864175337,1.0927878697605315,1.1850532460324836
6579.074134847003,1.0593503565277334,1.1231393542432455,1.0166764746817156,1.01749391920328,1.0419490661383883,1.038992346280726,1.0889778184665782,1.1934128529683823
6579.091786550919,1.0463280128860435,0.9402156155831292,0.9554727574618744,1.022785228958099,0.9636651509238273,0.9378862637573103,1.0107941137546588,1.1336279324843246
6579.1094382548345,1.012918207274363,1.1243860367938594,1.010199296966372,0.8953257870140894,1.1512982323494887,0.975645083215302,1.0,0.9358717483767536
6579.127089958751,0.9148445631839365,0.9146129403062537,0.9303676337666442,1.0895744354574985,0.9956698346756672,0.9627089321437553,0.9732519195486983,0.9130164980890149
6579.144741662667,0.9800398954192695,0.8347357511242792,0.8726502107916436,1.1400220061417716,0.9134163470933393,0.9419045996806905,1.0912956709727677,0.9039142311750327
6579.162393366583,1.2478189768702386,0.9288085109295031,0.8451049886689743,1.00666816644512,0.9249315480693889,0.909692126350911,0.9470085377522522,0.9020683376418577
6579.1800450705,1.0089531165327148,1.0124492373137317,0.9097696869786801,0.9800401570139893,1.0545733047027075,0.8834864878615105,0.9077613415850154,1.1254535106896575
6579.197696774416,1.0809438414968457,0.89628619615828,0.9414688807912104,0.9898281195220792,0.9751595387418652,0.8197765685804438,0.9619304937346009,1.0541562986456718
6579.215348478332,1.2514989941945034,0.7274989309509146,0.9921743668515906,1.0224809075593628,0.8595961645583916,0.7720393383152337,1.0470154577478314,0.8883759901302721
6579.233000182248,1.228793804244216,0.8546822628339706,1.3299002461888856,1.0751215101620937,1.1917528030436968,0.999267545011879,1.0267131172095347,0.9805420336656094
6579.250651886165,1.159499826248939,1.0117816051265545,1.2357319497689572,1.161910946789811,1.1887601309855507,0.94486345539281,1.097250485584164,1.062998481928089
6579.268303590081,1.1087708721646048,1.06748889090319,1.1373410959526251,1.1445793717226802,1.0859459534053002,0.9217673218781995,1.1206542716771444,1.1199291364675936
6579.285955293997,1.1362999640850782,0.8443423701833139,1.1964593986871677,0.8676332467863275,0.8104984621595639,1.0709675980760278,1.0106558429185946,1.1324015181724787
6579.303606997913,0.9319566124092762,0.8917799636486946,0.8553548251905893,0.867705960925339,0.9056920616623527,0.9532920808706302,0.9630356267791557,0.8698567468259554
6579.32125870183,0.8589350834755591,0.9999844199479343,0.8681353950902286,0.8319300930010096,0.9339545095982784,0.937753999512269,0.927814576583261,0.8807773832783349
6579.338910405746,0.8990429269359607,1.1579734717975976,1.176382067623345,0.7734721611069733,0.9126761952114155,1.006015574001042,0.910697928787012,1.1225781294635322
6579.356562109662,0.958190844959859,0.7305259435794513,0.7526450136257619,0.8520063743436476,1.0132428187426488,1.0216376081014216,0.9414479067273182,0.9759458250673156
6579.3742138135785,0.9666062726633138,0.9608697775275445,0.9449885015501502,1.0153360258669772,0.9746805395797511,1.0162077904158793,0.9493818938705939,1.0050046979267726
6579.391865517495,0.9644021726709181,1.299583071914904,1.2275213875789788,1.1715891823032134,0.9441395053308075,1.0051079868237067,0.971050455225749,1.075274355183631
6579.409517221411,0.9778154076669543,1.171301674651292,1.0747842805799483,1.1418915208661091,1.1598423339567914,1.0364505630419047,1.0922789077290518,1.1164644760856552
6579.427168925326,1.0720469998839135,1.198561087228998,1.022468959462233,1.0493236349144266,1.1629902171523798,1.0245962261929984,0.9664690269125988,1.0273784299589195
6579.444820629243,1.0720460537088772,1.1249006575705116,1.010172133314562,1.0390812098985058,1.1377052882817205,0.9703888744793334,0.9637204257340376,0.9958182459662746
6579.462472333159,0.8875358412356955,0.8531991079931189,1.0659776461796246,1.1848052210385547,1.0934288757744801,0.844160802204103,1.2049759427532858,1.0814458252553083
6579.480124037075,1.009460670390905,0.8887475378188915,1.0001688484180105,1.0628646682790115,0.8713025298336388,0.919720219915423,1.0644651713522184,1.0735052065358344
6579.4977757409915,1.0191228879794267,1.0556476176339273,0.9836813370891079,0.9756298434974527,0.9447348699899879,0.8974314918647417,1.04648863822906,0.9261293613054533
6579.515427444908,0.9749325394625713,1.269571605685835,0.9916082267298231,0.9090969679185793,1.1578815081530969,0.8349300959448459,1.0843761902702327,0.7185772094309362
6579.533079148824,1.1086100431322259,0.9648058831696317,0.9468734095806904,0.8778318939532811,0.9096449051995374,1.012306292424929,1.0754249728889358,0.8946159440956138
6579.55073085274,0.9452513534762597,0.9791072870562092,0.9582935435553147,1.043614406236842,1.0343380149035801,0.9504621896754833,1.040837495034727,0.9167824369126969
6579.568382556657,0.8139023437325408,1.0264096402131306,1.0433484488536893,1.1608680281493315,1.1615645447754415,0.9487235189864361,1.0295160731048736,0.920964986066895
6579.586034260573,0.9954910591745719,0.9784542814062609,1.0,1.0271929655659537,1.0919731555324939,1.0,1.1094267757464913,0.9501924617408194
6579.603685964489,0.7916417254438366,0.9768772686961196,1.032091487151112,0.7809153703087894,1.0476323301050863,1.0057406568124792,1.0495379625441663,0.9883731502071363
6579.621337668405,0.7755704529320717,0.9466288880656619,0.8515214123449738,0.8093285137350621,1.0266567235596096,0.879144285610321,1.014385974411337,1.0345185024627392
6579.638989372322,0.9754226166057541,0.8758659788598265,0.8808018766620328,1.1499310198735928,1.0284480985849016,0.9351398213777399,1.0026131201847204,1.0937681311938943
6579.656641076238,0.8599901902141531,0.912338752271362,0.9361013762091491,0.9466102974240921,1.0952746926027928,1.0692005963284643,0.8121359369604102,1.0643141440636665
6579.674292780154,0.9470672483551574,0.8212205847490934,0.9247979396826886,0.9687807906721508,1.0877333789493953,0.9431915652256566,0.94527635029969,1.060393030912084
6579.6919444840705,1.076856637883407,0.7336990724799528,0.9007616361968009,1.0409241011603079,1.0437236559141976,0.7978885835941185,1.1465602258962557,1.0501841404296854
6579.709596187987,1.0713918075071784,0.9996779290150625,0.9462098470110287,0.9754266195342116,0.9486224992415832,1.2186041512140893,1.0261171563984235,0.9841120662639735
6579.727247891903,0.9501775050278212,0.9466734549108637,0.8805187970428211,1.0281116175783012,1.0340150292018073,1.084471971985344,0.9800482762740683,0.974003880198622
6579.744899595819,0.8837743324852199,0.9494373714580951,0.9142436368264037,0.9842706839208968,1.0921548812219315,0.9750529845275545,1.0303333801297057,0.9815387945949644
6579.762551299736,0.9588498414899816,1.1413855724423068,1.1922248700324463,1.0,1.0598611293361517,1.0099044687151246,1.0,1.0295328761821123
6579.780203003652,0.9177017197999827,0.9830833916589035,1.0022427353020154,0.9070444141321828,1.0205544764929473,1.123774846254049,1.0406673991284152,0.8125712380578548
6579.797854707568,0.9160878558428269,0.9301951112835971,0.9621715261622951,1.063013088746761,1.0973819307454868,1.0941622266995792,0.9782924903552168,0.8354849230083281
6579.815506411484,0.9385414686118064,0.9396171853255031,1.0051511406669917,1.1882316503265165,1.2196325708191642,0.9686148446468973,1.0246613950335577,1.0052743039567718
6579.833158115401,0.9730201327134835,1.0483736673710269,0.9580810052260538,1.0365542325861032,0.8000044851412769,1.0405278884064062,0.9682188843269173,0.7953404897382653
6579.850809819316,1.0755751796793727,1.0357658865693886,1.0024852867347842,1.1428939059258338,0.9508419384095111,0.9927909128075414,1.0070822771147856,1.02352573917935
6579.868461523232,1.1899462214919865,0.988394301424384,1.0234152010194018,1.2139272684872915,1.1441721551321975,0.9568474966348404,1.0534535129470814,1.2535705862307887
6579.886113227149,1.326223732685162,0.9112488244465428,0.8766189707664817,0.941690219313111,1.0619700289935723,1.053835305950922,1.0503385556856433,1.144273262710372
6579.903764931065,1.1224414530975964,0.8610976537493406,0.9397192254758604,1.103383680195665,1.0022946320821673,1.0202366615376275,1.1321027968011437,1.1199816730182088
6579.921416634981,1.0275662927169205,0.8785669872746795,1.0412480313976906,1.110749611649441,0.9723296457970789,0.9937782437738488,1.1408960740737577,1.104390482539288
6579.939068338897,1.0795108314701798,0.9740557076377503,1.190499283919609,0.9221033393107481,0.9645939398056612,0.9690811542334312,1.0587675463169448,1.0861629107558268
6579.956720042814,0.940509627413606,0.8638558375283443,0.8210093985350738,0.8205905761478446,0.884839566529565,0.8634253851231741,0.9603220617905223,0.9228687482479192
6579.97437174673,0.9355930710183064,0.9026773342061609,0.9128569214960295,0.8943453389241635,1.017691031592398,0.9396460559566964,0.9923405257166497,0.8274243068966444
6579.992023450646,0.9786496664502848,0.9764105430679126,1.12349026811063,1.0437258780629748,1.2071411359795892,1.068571637170782,1.0663777796283418,0.7859971387338224
6580.0096751545625,0.9791556470834909,0.9167770970676256,0.9020752400275688,1.1925162075724514,1.2013426838319365,1.0661899504664605,1.0330297110367523,0.9621234145484121
6580.027326858479,1.0433013328402472,0.8879201303231151,0.9037105640987156,1.0044595441827517,1.0261200355771356,0.9822030581919029,1.0508463776214731,0.9380868972850608
6580.044978562395,1.0899182033343775,0.8812033975836708,0.9136778355962762,0.8690428922216755,0.9039193326513679,0.9269786536297945,1.0062439257060845,0.9177098916375666
6580.062630266311,1.0954857155987805,0.9126944019741143,0.8961874907127455,0.8679485733182446,0.9277241036478736,0.9184175358271276,0.7967931106808087,0.9425634387639562
6580.080281970228,0.8315872114411965,1.1641284779996701,1.0941736672015137,1.296118482672065,0.8888449020852814,1.1634738495113368,0.8668433406421826,0.9656848568105099
6580.097933674144,0.841152051171474,1.119974927501751,1.0390632643551094,1.280514662688581,0.9275384656372708,1.1085036719317716,0.9698886421878021,0.9751565062774465
6580.11558537806,1.0362659737293505,0.8916930403415785,0.8265958143387173,0.9821433544174485,1.014534437564116,0.8849746684169775,1.086967030362374,0.9699794792621282
6580.133237081976,1.2901921826247915,0.9462266908156126,0.8769986637898926,1.056155988514368,1.0357553289681507,0.9576652693359797,0.9651522419046978,0.8785765851637727
6580.150888785893,1.0163668364678893,0.8834171228884512,0.982756416792706,0.9049180900646107,0.9311507903357001,0.9875456526114128,0.8608612642453539,0.8642700770484585
6580.168540489809,0.8043952699552781,0.829956494193657,1.0480329284522747,0.8276433793724388,0.8775988515626796,1.016542001839569,0.8477335002931581,0.9093268152955459
6580.186192193724,1.2368346747113566,0.8961816643545308,0.8706443494390081,1.193656056965208,1.105863163733288,1.0376470517996785,1.1841155105522887,1.1067332331695194
6580.203843897641,1.0663471245917986,0.7803741227312262,1.0038251273027603,1.0028340084299885,0.9373846219494755,0.9978934538356735,1.0216457291914818,1.167781343481996
6580.221495601557,0.9672580387016707,0.7401798997032696,1.074686356122131,0.9507988943355672,0.8849553157893104,1.0249074319026474,0.9379959771316685,1.1292241809350798
6580.239147305473,0.94842088525157,0.7906084807253907,1.073025413787773,1.0615149844544844,0.9704055439633824,1.1265829666389295,0.9539409696715625,0.9731910629064828
6580.256799009389,1.1031126599848933,1.0968196649355837,1.099594522974902,0.8144128594625246,1.1308586787077952,1.0229173064495507,0.9370827123275549,1.0825483306259496
6580.274450713306,1.1596532512715634,1.2056012689751194,1.104457190254536,0.8260215722000165,1.0631099310783774,1.0356934135448344,0.9609521482369855,1.065393146482689
6580.292102417222,1.1621380636028384,1.2062029058059205,1.0886925742307125,0.9201247994153084,0.9542852531498458,1.0716776752645931,1.0060931092473984,1.0035292455371958
6580.309754121138,1.0977151428688283,0.947537177004676,0.9836887012031938,0.9761594582244526,1.1304806206163043,1.0161988197884855,1.0987430986521218,0.9070836431863303
6580.3274058250545,0.8907911459695698,1.001144922212217,1.018502226354232,1.1136720284693538,1.0347624614837936,1.0554434714988137,1.0161417768723573,1.0363549361030548
6580.345057528971,0.7929136747638406,1.0658440434579335,1.0149359075976285,1.1951936877452767,0.970412968596927,1.0570848111963913,0.9398762316023752,1.070238872473479
6580.362709232887,0.909393571693291,1.0952698215283443,0.9011578673210683,1.1741056326425907,0.9913711573917674,0.9673754316480521,0.8870559291844466,0.8823158617118712
6580.380360936803,1.0010674074047459,1.081161193674963,0.9710890028946771,0.9191470957642983,1.0547712416908137,0.9837129930437926,1.1310524592666813,1.0067999785546269
6580.39801264072,0.9523371960021072,1.0796167293985761,1.074618167907552,0.935725399853855,1.0173302598798757,1.0397860396713676,1.1801424924152575,0.9953405944753599
6580.415664344636,0.8467591551851459,1.0750926715486502,1.1715840477692772,1.0876745940914985,0.9251464046971571,1.097948668415281,1.1232354018580493,0.9135766413442752
6580.433316048552,1.0328758388954797,0.9815762474906917,0.8778512681346468,1.0052549688526489,0.8380635745037792,0.8591980574911243,1.0760653521595895,0.8616068248571146
6580.450967752468,1.2214460143844816,0.9194515675493848,0.8997704073849044,0.997401624979655,0.9291308756255557,1.0402739976618331,1.010931415200499,0.8725490891071392
6580.468619456385,1.2879024221951267,0.8662893051914291,0.9708297436900564,1.0035403941763117,1.033025623327979,1.1756520669388104,0.9591435669253576,0.9227377347367839
6580.486271160301,0.9930364534551988,0.8264861938138599,1.0263404433864043,0.994241564388919,1.0621011784042826,0.9800083995280807,0.9488325663406852,1.0412880009754386
6580.503922864217,0.8455746871855818,0.8781447589525602,0.9119436781835264,0.9745817811979725,1.0242987636437846,1.119308568627808,0.8445527117462333,0.9502967418840342
6580.5215745681335,0.9656982738996998,0.9149819654141705,0.9189172017108146,1.000008709118036,0.9584761504963054,1.091401681155228,0.8825304674831845,0.9589963428388036
6580.53922627205,1.3148895715119133,0.9404463890014978,1.0352576282018668,1.0621762734982538,0.8736352073847328,0.9271778501693985,1.0401698863163589,1.0486363006121773
6580.556877975966,0.9789397914040974,0.9327190481117669,1.1699077720808166,0.9916116701818428,0.9553382619297818,0.9182884549665915,1.02176343071985,0.8961822863415394
6580.574529679882,0.946957757162563,0.8247545163366323,1.127053103908115,1.0407651655821217,1.0115953047697517,0.9733382905902618,1.059647092378773,0.954931269221796
6580.592181383799,0.9855957530057012,0.7311233500146588,1.0390228484529496,1.1194967424867857,1.0160799655779178,1.0422517276326237,1.0732753028630064,1.0197162241435718
6580.609833087714,1.0108544276188114,0.8120760437482276,0.9731281367596677,1.2249073348347985,0.7905325659541927,1.065287207941121,0.9401589794133499,0.8571090201237903
6580.62748479163,0.7755331402121082,0.8743676121107897,1.039277121930527,0.8982102107005439,0.9029880749241022,1.023794468587886,0.8939282440768073,0.9696097243007821
6580.6451364955465,0.7025334785715349,0.9906070042373119,1.0290145090899738,0.8003941586443912,0.9548887669966032,0.9827458107418905,0.9160484401061846,1.0434653918797145
6580.662788199463,0.8577692322279189,1.1781443123136441,0.9139310957600439,1.039944479929266,0.9164707869250113,0.9422274616704576,1.0235889602977333,1.057051478517456
6580.680439903379,1.1353624329756014,1.157860807149168,0.9322524920648398,1.177992910753043,1.209648995622304,1.0761640535190606,1.0446346168144591,0.8811754924714729
6580.698091607295,1.1904026102886682,1.0523263522855715,0.9950445201678857,1.050361934464658,1.2347450858756472,1.1088185405789304,1.0172292955801112,0.8621470232002213
6580.715743311212,1.1309761694422702,0.9165606614231201,1.0453490411402542,0.843825931817826,1.152213996087711,1.1046142502217329,0.9758130746471995,0.9068557642547115
6580.733395015128,0.8807996415704312,0.8527282953002927,0.7898876600006821,0.8468940272522284,1.0653561562130545,1.1306325326055027,0.9617537694594837,0.9567686038574955
6580.751046719044,0.9772611284309296,0.9375031357423478,0.907624348587771,0.9131658700996588,0.9506209225490706,0.9008943195739043,0.9974670404538134,0.9757033259473293
6580.76869842296,1.048370420202989,1.0901720317352415,1.032486214514005,1.0124687960300676,0.9071837013947094,0.7953503002507616,1.0425949394700298,0.9924557871096756
6580.786350126877,1.0066267753882585,1.3892477436542636,1.1093549218533172,1.1675489067255407,0.9990556268643526,0.9801797549989828,1.1083035957904939,1.0041141328041896
6580.804001830793,0.839441252749642,0.872064580988944,0.8707670088662468,1.1131039611711349,0.8492809567552049,0.885927674901599,1.0310757294980355,1.1479900057641381
6580.821653534709,0.9213273750507722,0.8225857974923096,0.8793029437532875,1.0987264060606596,0.9154559692392006,0.8965925140877687,0.9891062189980186,1.065634284174186
6580.8393052386255,1.125161694096897,1.0288395032953919,1.0205614299619852,1.0941073168531634,1.0939844033953698,0.9548531918953279,0.9785971594703268,0.8788383928723666
6580.856956942542,1.032123710730514,1.034364190676163,1.089222868727693,0.9291964647783773,1.166677620593545,0.9133105937315948,1.1200677379818114,1.0989797151293144
6580.874608646458,1.047627781925252,0.9793978593335617,0.9881543862628619,1.0973458680374473,1.0424910017729028,1.0312743955236792,1.138742820709279,0.9685780453567923
6580.892260350374,1.0552945180117559,0.948722934702519,0.9311237729293341,1.2253166130711797,0.948526538140223,1.097640188178865,1.119787531942451,0.8425652172869478
6580.9099120542905,1.0431710160831964,0.9836473629287049,1.1306029355033418,1.104207246470306,1.0157751552565575,0.9389227977260384,1.06795489379539,0.8950764583147578
6580.927563758206,1.0628926237933733,1.2107919263138411,1.0361709098201868,1.1175799385839937,1.1107403778836982,0.9060592999877644,1.0113748411668055,0.9260563429405195
6580.945215462122,0.928664885852357,1.0304058052340443,0.9451387198458276,1.0715348921527716,1.0874439492207906,0.8745986853744954,0.930070574593097,0.9019872775489295
6580.962867166038,0.685610273901544,1.0,0.8631231476198646,0.9851491933069048,0.969298397477373,0.8527448553635062,0.8377772130868171,0.8379301524377616
6580.980518869955,0.9124676675321328,1.0038067922435763,0.8386828612853605,1.187838764726308,1.0285588542627648,1.051384651388923,1.008534422721088,0.9060881059421146
6580.998170573871,1.0593136721388396,1.1189602458066443,0.9691180797903959,1.0908258031355162,1.0585059678555833,1.0306408415340729,1.0711961597586892,0.9095288449935691
6581.015822277787,1.1644081760009848,1.134326596319484,1.0921409014137053,0.9151697230197106,1.0638761864155797,0.9933585915730295,1.095308513800514,0.918500167215541
6581.0334739817035,1.0655706612095874,0.9597626536066147,0.9262179939129396,0.7290003190606424,1.034753182584776,1.07232799388296,1.0441167025690066,0.9663296136203872
6581.05112568562,1.1645645247819258,1.0258872032712973,1.057604876987303,0.8605814998992287,0.8980434176882722,1.1875815162602854,1.022695906322004,1.1322268827986193
6581.068777389536,1.1195347968123095,1.0254859712248285,1.0557321207561077,0.941392775395591,0.9174760639023704,1.1675692508362499,0.9646837385225826,1.1483080510395565
6581.086429093452,0.893622874461774,0.9228747555350021,0.8923693314641625,0.9483247998537587,1.1201483070368476,0.9940853211412759,0.8601502259228717,1.0007084766666492
6581.104080797369,1.1294453922773806,0.9628865042379922,0.8025230630332009,0.9562769857211268,0.9477081805415174,1.1213192037832629,0.964951173651487,0.8238986909623206
6581.121732501285,1.0382001007615167,1.0365402357274383,0.8681742847838212,1.0543522410732555,1.0520988559325,1.0481820114686593,1.0049317874700143,0.8853776223454022
6581.139384205201,0.9039851900083051,1.087399805375801,0.980838999864057,1.1051446881924234,1.186564390627296,0.9411733043938347,1.0109197076524359,1.014321542928463
6581.157035909117,1.2079460907609711,1.085044330036393,1.100631731815155,0.8113113673773357,1.0813370162045577,1.0684901657573578,0.9607763190138374,1.0393735720291122
6581.174687613034,1.0410229003365539,1.2323095061525868,0.8727264419563964,0.6891534151677158,1.0519915355400122,0.9274426429337055,1.0054059360878083,1.0999457661092515
6581.19233931695,0.9770272458251104,1.26473841973804,0.7454057211439322,0.7295855386219683,1.0404714754530147,0.9091721227864895,1.0468673386813823,1.0855800180117106
6581.209991020866,1.1086472945217694,1.073979022222201,0.7986253250450632,0.9945892150828076,1.0349637599530805,1.099303542095369,1.078029581387845,0.9431278715825797
6581.2276427247825,1.111793393737495,1.0340873016575705,0.8664015823152824,1.205561499229791,0.9088260802549586,1.073172371991003,0.979214776734332,0.9817102665949548
6581.245294428699,1.0577538474051966,0.9169616929535153,0.8377938237153337,1.214515595833459,0.9179615888656922,0.977745799639777,0.9989415105645711,1.032589954500167
6581.262946132615,0.990187893440468,0.8217693499062657,0.8070595019641074,1.1064297647325867,0.9586219804039573,0.8606815913911632,1.0403747329694826,1.1087614517428148
6581.280597836531,1.028296564920728,1.2623169130176395,1.2092437811721999,0.8145845461665093,0.8466738097196806,0.8408637994878311,0.9418540232691892,1.0
6581.298249540448,0.9359569031880406,1.0311296340774854,0.9479344705915986,0.9360681071423025,0.8545511412104418,0.888295446573804,0.8547737357685556,1.1898016065751178
6581.315901244364,0.9533750910245419,0.7921670918353068,0.781598612856679,0.9652516975715649,0.9283162621550812,0.9450490708683598,0.8577339106666785,1.01600563459523
6581.33355294828,1.250298630807789,0.666187963432889,0.9551283459587092,0.7357090633675656,1.1250491705701438,1.041598256862558,1.0766680092096181,1.0968613542399015
6581.3512046521955,1.1108341392330694,0.8871981830399808,0.9897509526584022,0.9263255632003726,1.0765092891326966,0.8544268951474572,1.046066909159558,0.9851053575513752
6581.368856356112,1.0711998598645183,0.9655358154372742,1.0386665194173768,1.049629945461532,1.0082485468822762,0.9289359625801878,1.0777923834464092,1.0070718810104329
6581.386508060028,1.0671091782998083,0.964761744918434,1.0663857678118944,1.1304854174552885,0.9341334584993375,1.1308923405639408,1.1184813195661643,1.0789678499203939
6581.404159763944,0.8898884205576262,0.9533622977247732,0.7371091776677872,1.085051020319192,0.9847551782229507,1.1095952241510931,0.8391700435801099,0.7732748772152471
6581.421811467861,1.0243936611129252,1.0096020298016695,0.913813247971046,1.035261438637917,1.0163323274459442,1.0350009149603412,0.9296067744847119,1.0358548899442612
6581.439463171777,1.0749153208505093,1.0853373450414527,1.0849954990110626,0.986460332443857,1.0067775095056035,0.956782748512288,1.024721367679688,1.205564835347459
6581.457114875693,0.7878996537071659,1.2160556902006876,0.9945039394673428,0.9602632158537607,0.9076430249557031,0.900475322384679,0.9435620785065446,0.9385698988410328
6581.474766579609,1.0774238065701187,0.9397587677530193,0.9711853379013375,0.8181812679612108,1.0262972630775353,0.8670685827522613,1.1036311895638269,1.0151090322227605
6581.492418283526,1.0953777563652738,0.9147411827509933,0.9487477401587427,0.8534244807022465,0.9981146242508705,0.9507940321425106,1.1185452555605606,1.0384695947347455
6581.510069987442,0.9439678117055718,1.0725773518858084,0.9305393857810051,1.0098860651116621,0.8763182096762359,1.1028108993338352,1.0456266504697636,1.0268175317728172
6581.527721691358,1.1775441543091552,1.2909388040764176,1.0332984009345376,1.0429071787883903,0.9832186440918065,1.119628078394522,1.1649566203500379,1.076016835449293
6581.5453733952745,1.1495132958122323,1.2973101669274076,0.9957119365297186,0.8449090964142159,0.9687231813811142,0.9974643718815885,1.13425268511304,0.9579842229052483
6581.563025099191,1.0684096909696499,1.2480389121209632,0.953222345650631,0.7100383874571123,0.9479007415711131,0.9356530707500637,1.1043414992158957,0.9023361503279759
6581.580676803107,0.9622219872105626,1.2119085538049859,0.9416409208390303,0.8875541824644475,0.999094069284566,1.159986947023275,1.1479888732469317,1.1076678471652213
6581.598328507023,0.8405545989382952,0.8249309754934253,1.1757660480204712,0.998396189636205,0.9271626556103707,0.9461093804649406,0.9552734167679433,1.027286187715577
6581.61598021094,0.9161414715105576,0.7413393812425202,1.26165313589123,1.035783044420421,0.9305418806911843,0.9221909102139032,0.8690410727577229,0.9466774349634739
6581.633631914856,1.1517204843858002,0.9304713009562254,1.2376099714504445,1.001026863096329,1.0102533037174877,1.0511284705401127,0.8781438077078071,0.8808416665608538
6581.651283618772,1.0323295014104796,0.8225477258854448,0.9451114749893855,0.8571956147158084,1.0075377327057913,1.017911649982956,0.9699814661357109,1.1055031099401893
6581.668935322688,0.9679365306414195,1.114762006045973,0.9382244976615276,0.9536328037673698,0.9814353564415687,1.0303792156930511,0.9418463421796514,1.0639788524147442
6581.686587026604,0.9111613744776264,1.3718359686473318,0.9682194048518109,1.0345889569659275,0.9678819848675642,1.0251283260177992,0.9114998304007121,0.950432366085667
6581.70423873052,0.8347448048165473,1.1615942482456616,0.8537308989495486,0.8620027385646639,1.0264212913424766,0.9290336633403058,0.9655443029634535,0.7426174894814394
6581.721890434436,0.9281260490549715,1.044575303449423,0.900368098078459,1.0428427188647655,1.0471763951433335,0.9498236862864323,0.9011981675255907,1.105985319280892
6581.739542138353,0.9943403443476312,0.9780922864411492,0.9621357918163809,1.006282422727622,1.0277745699624734,0.9606486833011885,0.9344258848421049,1.202099124541263
6581.757193842269,1.0467944914126506,0.9966359600829019,1.0472497365098805,0.7754010471663585,0.9493512082726727,0.9830349156048747,1.0594953703664907,1.0121823306509385
6581.774845546185,1.1611159513818579,0.924567223664585,0.8615881329700037,0.8747910458954704,1.0728786938901886,0.8570496169806854,0.8717272085106917,1.0244516642141255
6581.792497250101,1.1179180547591347,1.0393608888992742,0.9360951799331819,0.9666967302122024,0.9721149777694029,1.0074311831877063,0.9282616725872955,1.0996058589923108
6581.810148954018,1.007414523603812,1.1354037262462209,1.0367256691455262,1.0660956570263556,0.8738311790542536,1.151262217729512,0.9961465251225811,1.146804718375743
6581.827800657934,0.8083327772882749,0.8746888062026368,0.953295638246537,1.1634546046110894,1.057444968435373,0.9298987884556685,0.8449758308032251,0.9630701543520642
6581.84545236185,0.7999926154800016,1.102112949672534,0.8971237837813261,1.0695296103935343,0.9319611575816427,0.9117345664778435,0.9467777105878663,1.0130909543280533
6581.8631040657665,0.9146776925503786,1.1726713290961213,0.9093533351563113,1.0315011794185835,1.0268266266438444,0.9519300565595306,1.0449892168926798,1.0032566990648897
6581.880755769683,1.1540068411950721,1.0398313245660629,1.0156873956194847,1.069267419958882,1.0,1.0296995626850596,1.1019193664184108,0.921149589701358
6581.898407473599,1.0616160021782033,1.046186219972352,0.9429429567245108,1.2100550723985737,0.9661207398412215,1.0750331719275998,0.936517762818858,0.9486007626177301
6581.916059177515,1.0293907362405492,1.0089849407432994,0.991488551149404,1.098021184491947,0.9554583691658174,1.0151718551936182,0.914915994000337,0.9318748945645154
6581.933710881432,1.0028733914295624,0.9615132062328737,1.0417535638196422,0.9307027191528481,1.0276173453962547,0.9457862542312544,0.967866764549172,0.9017578354872351
6581.951362585348,0.9523296030034163,0.9159494924982878,0.9253434596990584,0.8783598041647485,1.0076038217551044,1.041530655554138,1.1989012988743957,0.8189648019697152
6581.969014289264,0.7950667618240698,1.161351220500655,1.030110056154642,0.9733520070197059,0.8722445140305722,0.9747853121693013,1.1347151037097927,1.049152134819816
6581.98666599318,0.8527462612700643,1.288051111211041,1.0788891865955448,0.97459346004798,0.903846323392386,0.946692816263502,1.0296289469486137,1.0573752114530852
6582.004317697097,1.166352001304972,1.2497490904439275,1.0589040418611435,0.8150721706504337,1.153818264317137,0.9656852898263016,0.8773357544141509,0.7242200987723315
6582.021969401013,1.0523489973496578,0.9398621770302849,0.7150549738259218,1.0054628018339626,1.1247320768730091,0.8873522923581949,0.8116031880950945,0.9634753192596703
6582.039621104929,0.8493229477307036,0.9206802079792383,0.7980332751784124,1.0431039314486117,1.0584117749200284,0.8973271962026421,0.8928431420958275,0.9939751548364415
6582.0572728088455,0.6948960331131466,0.9937540086129142,0.9988981223054394,1.020050284445569,0.9826901089076844,0.9723992009968663,1.0140596541449982,0.9582420228220936
6582.074924512762,1.0862422789958628,1.027026434911199,1.022989903113044,0.9397004600524882,0.9492131610551635,1.2386387645172452,0.9956791826466255,0.893597899761538
6582.092576216678,1.0457358854703445,0.7913442471586389,0.9783069673996104,1.0743725333574452,1.0103950713442178,1.0623679551329177,0.9761533691851486,1.0466069150752626
6582.110227920593,1.023897235933468,0.7357509672503082,1.0070850863183907,1.1154146886424674,1.058151882227175,0.960449231397055,1.0010111064871652,1.123312119802467
6582.12787962451,1.0931505118603166,0.9712704500495598,1.1579379781327714,1.0311317886636375,1.089599615715347,0.9994950870739827,1.0904264792187601,1.0760193424647089
6582.145531328426,1.221737622967913,0.7325861268434302,1.1994002120863552,1.1429699733291017,1.0295396545028166,1.0894544566385087,1.0824983619238766,1.0803472922018287
6582.163183032342,1.0500452139963825,0.7724973681237002,1.183673333894089,1.1009886143817578,0.9241616087233935,0.9435696320314685,1.0183880480117955,1.013162730267956
6582.1808347362585,0.8113929148172494,0.899703324267627,1.1226120751476902,1.000370866073089,0.8720817812120801,0.7772479499680739,0.932435899597741,0.929738235238617
6582.198486440175,0.9157153172776527,0.854901177685276,0.8578401830764908,0.9719523696237448,1.1944893827704335,0.9597294844900913,0.9203300640152546,1.0162570855529622
6582.216138144091,0.9495608503011386,1.0409397011726274,0.9235745142051449,0.9085332070532395,1.1302826232766894,0.9648726602247626,0.9569363767785858,0.9425425782766659
6582.233789848007,0.9845134269358969,1.108448395002508,0.9777363679179579,0.9110273238262696,1.02028940965243,0.9615616120665749,1.0059274104575995,0.8740143893461616
6582.251441551924,1.0266791505169015,0.9798170116051876,0.975849719435631,1.0177651239785745,0.8761429655308607,0.9524572704818514,1.0705338975010341,0.8274755981429119
6582.26909325584,0.7186307531074798,1.012926399259326,1.234337053535079,0.9914063834433265,1.007069281595241,1.0112848810655712,0.9757938068637426,1.1510715139698675
6582.286744959756,0.8680485917211141,0.8781066778050797,1.1384651516347126,1.0969709820640543,0.9963768131351982,1.0305352533771357,1.0351947413668399,1.0951584747499175
6582.304396663672,1.1230242259003147,0.7109931716671134,0.9407535689190243,1.2144979740937565,0.9266893938820557,1.0205348976846282,1.0943381604562,0.9395870987315886
6582.322048367589,1.007808456293876,0.7949343640264563,0.9586445233009843,0.9177937477544613,0.8493737347946697,1.0078634115647003,0.8249108801067683,0.9594428776054484
6582.339700071505,0.9354713570653176,1.0226870685996963,0.9175914816845483,1.0755518663596597,1.0064007246051652,1.0257876489501745,0.9536809139014788,1.0642413387379868
6582.357351775421,0.9648860358879691,1.1880978576049102,1.0036310034798028,1.199370172821365,1.1310123774262044,1.0676754055235598,1.048475944554545,1.1007727730358765
6582.3750034793375,1.1646917908309642,1.2502714724751631,1.2975803805486554,1.237363373046991,1.182313205255272,1.143501528092776,1.062212932757026,1.0368005758472894
6582.392655183254,0.86059801069636,0.8879830383133059,1.0794152576594915,0.8547902684878659,0.9606327245220069,1.054092314406597,1.108819982580104,1.1163792929580754
6582.41030688717,0.9303312331468075,0.9527357554858296,1.0083879074357314,0.7927364117240401,1.0165107992060574,1.0963052641185684,0.9904836006096482,1.1061878523376574
6582.427958591085,1.1021764978543227,1.1085300607875634,0.9680100549070008,0.8599460082734356,1.1505768168518562,1.1364858156416247,0.8795024889140395,1.0381267919158614
6582.445610295002,0.9332268443067692,0.9849827294620451,0.8492570065565874,0.9185497857677217,1.1050313847145565,0.8749909669193519,1.083924647190964,0.9442318666860994
6582.463261998918,0.8639461795546678,1.0655791765921385,0.8439866641473431,1.1051940080215978,0.9748284213126844,0.8966622633279111,1.0496998464398146,0.9989314011695619
6582.480913702834,0.8357149485315251,1.0219866980397616,0.933499141746805,1.1324936625972017,0.9240795742292932,0.9850554600403688,1.0367005427646458,1.0166527895336812
6582.4985654067505,0.8354767873085123,0.7206825207227452,1.138723387343968,0.8880272290561977,1.0099519605201346,1.1548613407614112,1.0860086903416306,0.9544188536130306
6582.516217110667,1.0044617685404582,1.0350593231835954,0.7871550532511484,0.9335620188284033,1.0789412912701408,0.912454987960172,0.9966357887470978,1.1011941108450642
6582.533868814583,0.9661423400034377,1.1003741592092544,0.8986812901680239,0.8697738928577974,0.954490521910439,0.9496969110505621,0.9119695336964087,0.9536660995818418
6582.551520518499,0.8578072369846221,1.0503898670954623,1.144449205132398,0.8169790400994359,0.8096197011751486,1.0663222554415144,0.8582584475619257,0.7706251103937032
6582.569172222416,0.9247165479101298,0.8718547138954951,1.096723314606592,1.1415471456496873,1.0161176190269166,1.1253002151444889,0.9734715164770651,1.087498787257293
6582.586823926332,0.989498376073377,0.9980902114843104,1.0976004236320756,1.0255054510937192,1.018415886288999,0.9585585080433107,1.096993039603232,1.044660072609694
6582.604475630248,1.0157535905601505,1.1111961004524362,1.0515323424747045,0.9262377131961997,1.0137022926647101,0.8894492812791155,1.093809068021879,1.0671418557453545
6582.622127334164,0.9474195556111603,1.1975529603772508,0.8667676754137166,0.8467803271307702,0.9769153091745837,0.9882041827088724,0.9054985349216832,1.217611013988792
6582.639779038081,1.0695249029890173,0.9714295636028802,0.8932986486520919,0.9996671978638967,0.9096561378352253,0.9379794755047995,1.1289355416557394,0.8569909363823099
6582.657430741997,1.009253024824643,0.88764286137489,1.0152632797404844,1.015005612695918,0.949432599624082,0.9394025640197835,1.1585691590709706,0.8404389016827722
6582.675082445913,0.9159909315129765,0.8902468760627478,1.120138563970893,0.9863169296961481,1.041535926863722,0.9603729833386975,1.1026890948595218,0.9243808227057885
6582.692734149829,1.021256583163642,1.0964652250833307,0.9536416892898028,0.9629768060262149,1.2363813832649488,0.9912767684011217,0.9460861831085459,0.8179526903012843
6582.710385853746,0.9420359065325103,0.9707905835400176,0.9159721764527476,1.0427922522190878,0.9546250942810337,0.9154565710372567,0.9149257125998743,1.0225169943339258
6582.728037557662,0.9503560449835583,0.8926980908185769,0.9649200066479912,1.0798471765312392,0.8490172511102478,0.8702822586868454,0.9264778357562021,1.1389416768872003
6582.745689261578,1.086206771608396,0.9055774065542298,1.1574269643301238,1.0276519215715105,1.0204284229671896,0.8578547629342984,0.9879023426198484,1.0805521467205157
6582.7633409654945,1.2125785400302258,1.0368195820578563,0.8658067273452597,0.9046763692473675,0.8812014028912095,0.9313265466751257,1.0919564258711827,0.7655948603614809
6582.780992669411,1.2363467225168991,1.133294469677991,0.9115458683456079,0.9765862436046503,0.9252310125262471,0.9979655675767927,1.2286234569944972,1.0139251441049857
6582.798644373327,1.1939582274621294,1.1980022414229239,1.04854739292844,1.1205335606559519,1.033551828924105,1.0554755685736268,1.0,1.334530524207578
